bron,rooster,profiel,extreem_vroeg,gematigd_vroeg,daglijk_vroeg
officieel,DDR-50MIX,MIX_50PLUS,0,7,4
officieel,DDR-BLM,BLM,3,11,0
officieel,DDR-L,LAAT,0,0,0
officieel,DDR-LN,LAAT_NACHT,0,0,0
officieel,DDR-MIX,MIX,6,8,1
officieel,DDR-V,VROEG,8,31,2
officieel,DDR-VL,VROEG_LAAT,9,10,0
v1.0.4,DDR-50MIX,MIX_50PLUS,3.07,9.4,2.05
v1.0.4,DDR-BLM,BLM,3.6,12.08,1.4
v1.0.4,DDR-L,LAAT,0,0,0
v1.0.4,DDR-LN,LAAT_NACHT,0,0,0
v1.0.4,DDR-MIX,MIX,6.68,15.2,0.57
v1.0.4,DDR-V,VROEG,10.08,28.08,2.83
v1.0.4,DDR-VL,VROEG_LAAT,2.57,2.23,0.15
baseline,DDR-50MIX,MIX_50PLUS,2.77,9.88,2.22
baseline,DDR-BLM,BLM,3.6,11.35,1.02
baseline,DDR-L,LAAT,0,0,0
baseline,DDR-LN,LAAT_NACHT,0,0,0
baseline,DDR-MIX,MIX,7.47,14.87,0.63
baseline,DDR-V,VROEG,9.38,28.68,2.93
baseline,DDR-VL,VROEG_LAAT,2.78,2.22,0.2
