bron,rooster,profiel,vroege_late,late,echte_afloper,nacht
officieel,DDR-50MIX,MIX_50PLUS,6,2,0,0
officieel,DDR-BLM,BLM,3,5,1,3
officieel,DDR-L,LAAT,6,13,18,0
officieel,DDR-LN,LAAT_NACHT,4,6,6,6
officieel,DDR-MIX,MIX,3,10,6,10
officieel,DDR-V,VROEG,0,0,0,0
officieel,DDR-VL,VROEG_LAAT,4,6,5,0
v1.0.4,DDR-50MIX,MIX_50PLUS,0.72,2.62,1.15,0
v1.0.4,DDR-BLM,BLM,0.52,3,1.22,4.18
v1.0.4,DDR-L,LAAT,9.5,13.18,14.32,0
v1.0.4,DDR-LN,LAAT_NACHT,4.18,6.75,4.93,6.13
v1.0.4,DDR-MIX,MIX,2.53,5.25,5.08,8.68
v1.0.4,DDR-V,VROEG,0,0,0,0
v1.0.4,DDR-VL,VROEG_LAAT,8.55,11.2,9.3,0
baseline,DDR-50MIX,MIX_50PLUS,0.45,2.4,1.2,0.08
baseline,DDR-BLM,BLM,0.82,3.12,1.7,4.4
baseline,DDR-L,LAAT,9.63,12.83,14.53,0
baseline,DDR-LN,LAAT_NACHT,4.73,7.53,3.95,5.78
baseline,DDR-MIX,MIX,1.93,4.38,5.98,8.73
baseline,DDR-V,VROEG,0,0,0,0
baseline,DDR-VL,VROEG_LAAT,8.43,11.73,8.63,0
