bron,rooster,profiel,rangeer,rangeer_per_regel
officieel,DDR-50MIX,MIX_50PLUS,2,0.333
officieel,DDR-BLM,BLM,7,1.167
officieel,DDR-L,LAAT,5,0.417
officieel,DDR-LN,LAAT_NACHT,6,1
officieel,DDR-MIX,MIX,11,0.917
officieel,DDR-V,VROEG,5,0.417
officieel,DDR-VL,VROEG_LAAT,3,0.3
v1.0.4,DDR-50MIX,MIX_50PLUS,3.93,0.656
v1.0.4,DDR-BLM,BLM,4,0.667
v1.0.4,DDR-L,LAAT,7.03,0.586
v1.0.4,DDR-LN,LAAT_NACHT,3.97,0.661
v1.0.4,DDR-MIX,MIX,7.07,0.589
v1.0.4,DDR-V,VROEG,7,0.583
v1.0.4,DDR-VL,VROEG_LAAT,6,0.6
baseline,DDR-50MIX,MIX_50PLUS,3.88,0.647
baseline,DDR-BLM,BLM,4,0.667
baseline,DDR-L,LAAT,6.97,0.581
baseline,DDR-LN,LAAT_NACHT,4.03,0.672
baseline,DDR-MIX,MIX,7.12,0.593
baseline,DDR-V,VROEG,7,0.583
baseline,DDR-VL,VROEG_LAAT,6,0.6
