bron,rooster,gemiddelde_week_min,gemiddelde_week,exact_totaal_min_boven_40,voldoet_aan_max_40
officieel,DDR-50MIX,2391,39:51,-49,ja
officieel,DDR-BLM,2352,39:12,-288,ja
officieel,DDR-L,2399,39:59,-9,ja
officieel,DDR-LN,2399,39:59,-5,ja
officieel,DDR-MIX,2391,39:51,-98,ja
officieel,DDR-V,2384,39:44,-181,ja
officieel,DDR-VL,2395,39:55,-46,ja
v1.0.4,DDR-50MIX,2399.9,,0,60/60
v1.0.4,DDR-BLM,2399.9,,0,60/60
v1.0.4,DDR-L,2390.6,,-112,60/60
v1.0.4,DDR-LN,2399.9,,0,60/60
v1.0.4,DDR-MIX,2383.3,,-198,60/60
v1.0.4,DDR-V,2369.4,,-365,60/60
v1.0.4,DDR-VL,2399.7,,-2,59/60
baseline,DDR-50MIX,2399.9,,0,60/60
baseline,DDR-BLM,2399.8,,-1,59/60
baseline,DDR-L,2388.5,,-135,60/60
baseline,DDR-LN,2399.9,,0,60/60
baseline,DDR-MIX,2376.7,,-278,60/60
baseline,DDR-V,2378.3,,-258,60/60
baseline,DDR-VL,2399.4,,-4,60/60
