rooster,regel,zaterdag,zondag,vrijdag_eind,maandag_begin,aaneengesloten_rust_u,rust_rust,vrijdag_voor_24u
DDR-50MIX,2,RUST,RUST,,,,ja,ja
DDR-50MIX,3,RUST,RUST,16:28,07:00,62.5,ja,ja
DDR-50MIX,5,RUST,RUST,,08:00,,ja,ja
DDR-BLM,3,RUST,RUST,13:58,16:52,50.9,ja,ja
DDR-BLM,4,RUST,RUST,,13:27,,ja,ja
DDR-BLM,6,RUST,RUST,,05:30,,ja,ja
DDR-L,1,RUST,RUST,22:58,18:00,67,ja,ja
DDR-L,4,RUST,RUST,,16:27,,ja,ja
DDR-L,5,RUST,RUST,,12:06,,ja,ja
DDR-L,7,RUST,RUST,20:58,11:09,38.2,ja,ja
DDR-L,10,RUST,RUST,,,,ja,ja
DDR-L,11,RUST,RUST,,16:09,,ja,ja
DDR-LN,1,RUST,RUST,20:28,12:09,39.7,ja,ja
DDR-LN,4,RUST,RUST,21:07,13:17,64.2,ja,ja
DDR-LN,5,RUST,RUST,21:28,12:57,63.5,ja,ja
DDR-MIX,1,RUST,RUST,,05:02,,ja,ja
DDR-MIX,4,RUST,RUST,22:28,15:09,40.7,ja,ja
DDR-MIX,7,RUST,RUST,23:24,23:00,47.6,ja,ja
DDR-MIX,8,RUST,RUST,06:00 (za),17:19,35.3,ja,nee
DDR-MIX,10,RUST,RUST,12:00,14:19,50.3,ja,ja
DDR-MIX,11,RUST,RUST,,06:08,,ja,ja
DDR-V,1,RUST,RUST,14:58,08:49,41.9,ja,ja
DDR-V,4,RUST,RUST,12:00,08:43,44.7,ja,ja
DDR-V,7,RUST,RUST,,05:43,,ja,ja
DDR-V,9,RUST,RUST,17:11,06:52,37.7,ja,ja
DDR-V,10,RUST,RUST,,05:47,,ja,ja
DDR-V,12,RUST,RUST,14:41,,,ja,ja
DDR-VL,1,RUST,RUST,,,,ja,ja
DDR-VL,2,RUST,RUST,12:40,15:16,50.6,ja,ja
DDR-VL,4,RUST,RUST,23:11,13:00,37.8,ja,ja
DDR-VL,7,RUST,RUST,19:37,05:01,57.4,ja,ja
DDR-VL,10,RUST,RUST,10:54,04:27,41.6,ja,ja
