bron,rooster,soort,lengte,aantal
officieel,DDR-50MIX,werk,2,4
officieel,DDR-50MIX,werk,3,3
officieel,DDR-50MIX,werk,4,1
officieel,DDR-50MIX,werk,5,1
officieel,DDR-50MIX,rust,1,5
officieel,DDR-50MIX,rust,2,2
officieel,DDR-50MIX,rust,3,1
officieel,DDR-50MIX,rust,4,1
officieel,DDR-BLM,werk,2,2
officieel,DDR-BLM,werk,3,3
officieel,DDR-BLM,werk,4,2
officieel,DDR-BLM,werk,5,1
officieel,DDR-BLM,rust,1,2
officieel,DDR-BLM,rust,2,4
officieel,DDR-BLM,rust,3,2
officieel,DDR-L,werk,2,5
officieel,DDR-L,werk,3,3
officieel,DDR-L,werk,4,7
officieel,DDR-L,werk,5,1
officieel,DDR-L,rust,1,7
officieel,DDR-L,rust,2,4
officieel,DDR-L,rust,3,3
officieel,DDR-L,rust,4,2
officieel,DDR-LN,werk,2,2
officieel,DDR-LN,werk,3,4
officieel,DDR-LN,werk,4,1
officieel,DDR-LN,werk,6,1
officieel,DDR-LN,rust,1,2
officieel,DDR-LN,rust,2,4
officieel,DDR-LN,rust,3,2
officieel,DDR-MIX,werk,2,6
officieel,DDR-MIX,werk,3,4
officieel,DDR-MIX,werk,4,3
officieel,DDR-MIX,werk,5,2
officieel,DDR-MIX,werk,6,1
officieel,DDR-MIX,rust,1,5
officieel,DDR-MIX,rust,2,7
officieel,DDR-MIX,rust,3,3
officieel,DDR-MIX,rust,4,1
officieel,DDR-V,werk,2,1
officieel,DDR-V,werk,3,10
officieel,DDR-V,werk,4,4
officieel,DDR-V,werk,5,1
officieel,DDR-V,rust,1,2
officieel,DDR-V,rust,2,13
officieel,DDR-V,rust,3,1
officieel,DDR-VL,werk,2,2
officieel,DDR-VL,werk,3,5
officieel,DDR-VL,werk,4,5
officieel,DDR-VL,werk,5,1
officieel,DDR-VL,rust,1,3
officieel,DDR-VL,rust,2,7
officieel,DDR-VL,rust,3,3
