roster,profile,startLine,startWeekday,length,lines,includesWeekend
DDR-V,VROEG,1,6,2,1,true
DDR-V,VROEG,2,4,2,2,false
DDR-V,VROEG,3,2,2,3,false
DDR-V,VROEG,4,1,2,4,false
DDR-V,VROEG,4,6,2,4,true
DDR-V,VROEG,5,4,2,5,false
DDR-V,VROEG,6,2,2,6,false
DDR-V,VROEG,7,1,2,7,false
DDR-V,VROEG,7,6,2,7,true
DDR-V,VROEG,8,3,2,8,false
DDR-V,VROEG,9,1,1,9,false
DDR-V,VROEG,9,6,2,9,true
DDR-V,VROEG,10,5,3,10,true
DDR-V,VROEG,11,4,2,11,false
DDR-V,VROEG,12,2,1,12,false
DDR-V,VROEG,12,6,2,12,true
DDR-VL,VROEG_LAAT,1,5,3,1,true
DDR-VL,VROEG_LAAT,2,6,2,2,true
DDR-VL,VROEG_LAAT,3,3,2,3,false
DDR-VL,VROEG_LAAT,4,1,1,4,false
DDR-VL,VROEG_LAAT,4,6,2,4,true
DDR-VL,VROEG_LAAT,5,3,3,5,false
DDR-VL,VROEG_LAAT,6,3,2,6,false
DDR-VL,VROEG_LAAT,7,1,2,7,false
DDR-VL,VROEG_LAAT,7,6,3,7 8,true
DDR-VL,VROEG_LAAT,8,5,1,8,false
DDR-VL,VROEG_LAAT,9,2,2,9,false
DDR-VL,VROEG_LAAT,10,1,1,10,false
DDR-VL,VROEG_LAAT,10,6,2,10,true
DDR-L,LAAT,1,2,1,1,false
DDR-L,LAAT,1,6,3,1 2,true
DDR-L,LAAT,2,4,1,2,false
DDR-L,LAAT,3,3,2,3,false
DDR-L,LAAT,4,2,1,4,false
DDR-L,LAAT,4,5,3,4,true
DDR-L,LAAT,5,5,4,5 6,true
DDR-L,LAAT,6,5,1,6,false
DDR-L,LAAT,7,3,1,7,false
DDR-L,LAAT,7,6,2,7,true
DDR-L,LAAT,8,3,2,8,false
DDR-L,LAAT,9,2,2,9,false
DDR-L,LAAT,10,1,1,10,false
DDR-L,LAAT,10,5,4,10 11,true
DDR-L,LAAT,11,6,3,11 12,true
DDR-L,LAAT,12,4,1,12,false
DDR-LN,LAAT_NACHT,1,2,1,1,false
DDR-LN,LAAT_NACHT,1,6,2,1,true
DDR-LN,LAAT_NACHT,2,3,2,2,false
DDR-LN,LAAT_NACHT,3,4,2,3,false
DDR-LN,LAAT_NACHT,4,2,2,4,false
DDR-LN,LAAT_NACHT,4,6,3,4 5,true
DDR-LN,LAAT_NACHT,5,6,3,5 6,true
DDR-LN,LAAT_NACHT,6,5,1,6,false
DDR-MIX,MIX,1,5,3,1,true
DDR-MIX,MIX,2,3,1,2,false
DDR-MIX,MIX,3,2,2,3,false
DDR-MIX,MIX,4,1,2,4,false
DDR-MIX,MIX,4,6,2,4,true
DDR-MIX,MIX,5,3,3,5,false
DDR-MIX,MIX,6,1,1,6,false
DDR-MIX,MIX,6,4,2,6,false
DDR-MIX,MIX,7,2,1,7,false
DDR-MIX,MIX,7,6,2,7,true
DDR-MIX,MIX,8,6,2,8,true
DDR-MIX,MIX,9,3,3,9,false
DDR-MIX,MIX,10,1,1,10,false
DDR-MIX,MIX,10,6,2,10,true
DDR-MIX,MIX,11,5,4,11 12,true
DDR-MIX,MIX,12,5,1,12,false
DDR-BLM,BLM,1,3,2,1,false
DDR-BLM,BLM,2,2,2,2,false
DDR-BLM,BLM,3,2,1,3,false
DDR-BLM,BLM,3,6,2,3,true
DDR-BLM,BLM,4,5,3,4,true
DDR-BLM,BLM,5,4,2,5,false
DDR-BLM,BLM,6,1,1,6,false
DDR-BLM,BLM,6,5,3,6,true
DDR-50MIX,MIX_50PLUS,1,3,2,1,false
DDR-50MIX,MIX_50PLUS,2,2,1,2,false
DDR-50MIX,MIX_50PLUS,2,6,2,2,true
DDR-50MIX,MIX_50PLUS,3,3,1,3,false
DDR-50MIX,MIX_50PLUS,3,6,3,3 4,true
DDR-50MIX,MIX_50PLUS,4,5,1,4,false
DDR-50MIX,MIX_50PLUS,5,2,1,5,false
DDR-50MIX,MIX_50PLUS,5,5,4,5 6,true
DDR-50MIX,MIX_50PLUS,6,4,1,6,false
