roster,profile,fromLine,fromWeekday,from,to,offDaysBetween,resDaysBetween,restMinutes,surplusOverPlannedMinimum,startDeltaMin,crossesLineBoundary
DDR-V,VROEG,1,2,E,E,0,0,1225,505,210,false
DDR-V,VROEG,1,3,E,E,0,0,826,106,150,false
DDR-V,VROEG,1,4,E,E,0,0,902,182,14,false
DDR-V,VROEG,1,5,E,E,2,0,3951,3231,156,true
DDR-V,VROEG,2,1,E,E,0,0,767,47,150,false
DDR-V,VROEG,2,2,E,E,0,0,834,114,78,false
DDR-V,VROEG,2,3,E,E,2,0,3803,3083,38,false
DDR-V,VROEG,2,6,E,E,0,0,1075,355,26,false
DDR-V,VROEG,2,7,E,E,0,0,1053,333,12,true
DDR-V,VROEG,3,1,E,E,2,0,4059,3339,218,false
DDR-V,VROEG,3,4,E,E,0,0,772,52,135,false
DDR-V,VROEG,3,5,E,E,0,0,950,230,3,false
DDR-V,VROEG,3,6,E,E,0,0,1096,376,180,false
DDR-V,VROEG,3,7,E,E,2,0,3752,3032,87,true
DDR-V,VROEG,4,3,E,E,0,0,818,98,142,false
DDR-V,VROEG,4,4,E,E,0,0,1039,319,38,false
DDR-V,VROEG,4,5,E,E,2,0,4123,3403,223,true
DDR-V,VROEG,5,1,E,E,0,1,2241,1521,114,false
DDR-V,VROEG,5,3,E,E,2,0,3717,2997,79,false
DDR-V,VROEG,5,6,E,E,2,3,8340,7620,150,true
DDR-V,VROEG,6,5,E,E,0,0,908,188,52,false
DDR-V,VROEG,6,6,E,E,0,0,1035,315,125,false
DDR-V,VROEG,6,7,E,E,4,3,10845,10125,210,true
DDR-V,VROEG,8,1,E,E,0,0,985,265,46,false
DDR-V,VROEG,8,2,E,E,2,0,4033,3313,120,false
DDR-V,VROEG,8,5,E,E,0,1,2368,1648,11,false
DDR-V,VROEG,8,7,E,E,1,0,2402,1682,61,true
DDR-V,VROEG,9,2,E,E,0,2,3816,3096,30,false
DDR-V,VROEG,9,5,E,E,2,0,3701,2981,107,true
DDR-V,VROEG,10,1,E,E,0,1,2309,1589,39,false
DDR-V,VROEG,10,3,E,E,0,0,919,199,0,false
DDR-V,VROEG,10,4,E,E,3,0,5243,4523,26,true
DDR-V,VROEG,11,1,E,E,0,0,985,265,10,false
DDR-V,VROEG,11,2,E,E,0,0,989,269,90,false
DDR-V,VROEG,11,3,E,E,2,0,4001,3281,76,false
DDR-V,VROEG,11,6,E,E,0,0,948,228,13,false
DDR-V,VROEG,11,7,E,E,0,0,1047,327,57,true
DDR-V,VROEG,12,1,E,E,1,0,2485,1765,69,false
DDR-V,VROEG,12,3,E,E,0,0,821,101,113,false
DDR-V,VROEG,12,4,E,E,0,0,1072,352,131,false
DDR-V,VROEG,12,5,E,E,2,1,5206,4486,147,true
DDR-VL,VROEG_LAAT,1,1,E,E,0,0,1040,320,0,false
DDR-VL,VROEG_LAAT,1,2,E,E,0,0,1100,380,60,false
DDR-VL,VROEG_LAAT,1,3,E,E,0,0,989,269,26,false
DDR-VL,VROEG_LAAT,1,4,E,E,3,1,6758,6038,37,true
DDR-VL,VROEG_LAAT,2,2,E,E,0,0,1031,311,5,false
DDR-VL,VROEG_LAAT,2,3,E,E,0,0,1138,418,137,false
DDR-VL,VROEG_LAAT,2,4,E,E,0,0,823,103,137,false
DDR-VL,VROEG_LAAT,2,5,E,L,2,0,4476,3756,573,true
DDR-VL,VROEG_LAAT,3,1,L,L,0,0,791,71,144,false
DDR-VL,VROEG_LAAT,3,2,L,L,2,1,5426,4706,182,false
DDR-VL,VROEG_LAAT,3,6,L,L,0,0,808,88,105,false
DDR-VL,VROEG_LAAT,3,7,L,L,1,0,2451,1731,100,true
DDR-VL,VROEG_LAAT,4,2,L,L,0,0,911,191,10,false
DDR-VL,VROEG_LAAT,4,3,L,L,0,0,923,203,8,false
DDR-VL,VROEG_LAAT,4,4,L,L,0,0,851,131,68,false
DDR-VL,VROEG_LAAT,4,5,L,L,2,0,3709,2989,99,true
DDR-VL,VROEG_LAAT,5,1,L,L,0,0,889,169,71,false
DDR-VL,VROEG_LAAT,5,2,L,E,3,0,4922,4202,306,false
DDR-VL,VROEG_LAAT,5,6,E,E,0,0,901,181,0,false
DDR-VL,VROEG_LAAT,5,7,E,E,0,0,942,222,24,true
DDR-VL,VROEG_LAAT,6,1,E,E,2,1,5154,4434,82,false
DDR-VL,VROEG_LAAT,6,5,E,E,0,0,1066,346,30,false
DDR-VL,VROEG_LAAT,6,6,E,L,2,2,7035,6315,282,true
DDR-VL,VROEG_LAAT,7,4,L,L,0,0,989,269,61,false
DDR-VL,VROEG_LAAT,7,5,L,E,3,0,4884,4164,369,true
DDR-VL,VROEG_LAAT,8,2,E,E,0,1,2427,1707,26,false
DDR-VL,VROEG_LAAT,8,4,E,L,1,0,2904,2184,431,false
DDR-VL,VROEG_LAAT,8,6,L,L,0,0,1139,419,229,false
DDR-VL,VROEG_LAAT,8,7,L,L,2,1,4836,4116,400,true
DDR-VL,VROEG_LAAT,9,4,L,E,0,1,2277,1557,99,false
DDR-VL,VROEG_LAAT,9,6,E,E,0,0,920,200,8,false
DDR-VL,VROEG_LAAT,9,7,E,E,1,1,3728,3008,112,true
DDR-VL,VROEG_LAAT,10,3,E,E,0,1,2355,1635,101,false
DDR-VL,VROEG_LAAT,10,5,E,E,2,0,3933,3213,0,true
DDR-L,LAAT,1,1,L,L,1,0,2342,1622,96,false
DDR-L,LAAT,1,3,L,L,0,0,949,229,11,false
DDR-L,LAAT,1,4,L,L,0,0,1019,299,98,false
DDR-L,LAAT,1,5,L,L,3,0,5462,4742,213,true
DDR-L,LAAT,2,2,L,L,1,1,3758,3038,142,false
DDR-L,LAAT,2,5,L,L,0,1,2500,1780,150,false
DDR-L,LAAT,2,7,L,L,0,1,2098,1378,346,true
DDR-L,LAAT,3,2,L,L,2,0,4246,3526,338,false
DDR-L,LAAT,3,5,L,L,0,0,867,147,93,false
DDR-L,LAAT,3,6,L,L,0,0,810,90,93,false
DDR-L,LAAT,3,7,L,L,1,1,3615,2895,177,true
DDR-L,LAAT,4,3,L,L,0,0,1142,422,106,false
DDR-L,LAAT,4,4,L,L,3,0,5399,4679,164,true
DDR-L,LAAT,5,1,L,L,0,0,942,222,22,false
DDR-L,LAAT,5,2,L,L,0,0,775,55,163,false
DDR-L,LAAT,5,3,L,L,0,0,1208,488,210,false
DDR-L,LAAT,5,4,L,L,4,0,6458,5738,330,true
DDR-L,LAAT,6,2,L,L,0,0,1052,332,67,false
DDR-L,LAAT,6,3,L,L,0,0,953,233,13,false
DDR-L,LAAT,6,4,L,L,1,3,6819,6099,99,true
DDR-L,LAAT,7,2,L,L,1,1,3746,3026,105,false
DDR-L,LAAT,7,5,L,L,2,0,3731,3011,105,true
DDR-L,LAAT,8,1,L,L,0,0,1015,295,48,false
DDR-L,LAAT,8,2,L,L,2,1,5655,4935,300,false
DDR-L,LAAT,8,6,L,L,0,0,825,105,150,false
DDR-L,LAAT,8,7,L,L,0,0,855,135,104,true
DDR-L,LAAT,9,1,L,L,2,0,4022,3302,240,false
DDR-L,LAAT,9,4,L,L,0,0,1005,285,71,false
DDR-L,LAAT,9,5,L,L,0,1,2366,1646,46,false
DDR-L,LAAT,9,7,L,L,1,0,2446,1726,11,true
DDR-L,LAAT,10,2,L,L,0,0,798,78,172,false
DDR-L,LAAT,10,3,L,L,4,2,9735,9015,162,true
DDR-L,LAAT,11,3,L,L,0,0,1013,293,51,false
DDR-L,LAAT,11,4,L,L,3,1,6609,5889,111,true
DDR-L,LAAT,12,2,L,L,1,1,3841,3121,34,false
DDR-L,LAAT,12,5,L,L,0,1,2329,1609,30,false
DDR-L,LAAT,12,7,L,L,0,0,804,84,97,true
DDR-LN,LAAT_NACHT,1,3,L,L,0,1,2187,1467,273,false
DDR-LN,LAAT_NACHT,1,5,L,L,2,0,3821,3101,78,true
DDR-LN,LAAT_NACHT,2,1,L,N,2,1,5899,5179,651,false
DDR-LN,LAAT_NACHT,2,5,N,N,0,0,960,240,0,false
DDR-LN,LAAT_NACHT,2,6,N,N,0,0,900,180,60,false
DDR-LN,LAAT_NACHT,2,7,N,N,0,0,924,204,36,true
DDR-LN,LAAT_NACHT,3,1,N,N,0,0,943,223,0,false
DDR-LN,LAAT_NACHT,3,2,N,N,0,0,979,259,36,false
DDR-LN,LAAT_NACHT,3,3,N,L,2,0,3357,2637,483,false
DDR-LN,LAAT_NACHT,3,6,L,L,0,0,1049,329,120,false
DDR-LN,LAAT_NACHT,3,7,L,L,0,0,1069,349,123,true
DDR-LN,LAAT_NACHT,4,1,L,L,2,1,5053,4333,287,false
DDR-LN,LAAT_NACHT,4,5,L,L,3,0,5290,4570,4,true
DDR-LN,LAAT_NACHT,5,2,L,L,0,0,975,255,8,false
DDR-LN,LAAT_NACHT,5,3,L,L,0,0,1078,358,150,false
DDR-LN,LAAT_NACHT,5,4,L,L,0,0,807,87,121,false
DDR-LN,LAAT_NACHT,5,5,L,L,3,0,5249,4529,41,true
DDR-LN,LAAT_NACHT,6,2,L,L,0,0,829,109,74,false
DDR-LN,LAAT_NACHT,6,3,L,L,0,0,1169,449,113,false
DDR-LN,LAAT_NACHT,6,4,L,L,1,0,2518,1798,153,false
DDR-LN,LAAT_NACHT,6,6,L,L,0,0,920,200,18,false
DDR-LN,LAAT_NACHT,6,7,L,L,1,1,3949,3229,93,true
DDR-MIX,MIX,1,1,E,E,0,0,853,133,107,false
DDR-MIX,MIX,1,2,E,E,0,1,2279,1559,72,false
DDR-MIX,MIX,1,4,E,E,3,0,5282,4562,1,true
DDR-MIX,MIX,2,1,E,E,0,0,1065,345,45,false
DDR-MIX,MIX,2,2,E,N,1,0,3405,2685,410,false
DDR-MIX,MIX,2,4,N,N,0,0,1035,315,30,false
DDR-MIX,MIX,2,5,N,N,0,0,872,152,147,false
DDR-MIX,MIX,2,6,N,N,0,0,1080,360,120,false
DDR-MIX,MIX,2,7,N,N,0,0,930,210,60,true
DDR-MIX,MIX,3,1,N,L,2,0,3589,2869,251,false
DDR-MIX,MIX,3,4,L,L,0,0,869,149,115,false
DDR-MIX,MIX,3,5,L,L,0,0,886,166,27,false
DDR-MIX,MIX,3,6,L,L,0,0,1018,298,42,false
DDR-MIX,MIX,3,7,L,L,2,0,3552,2832,230,true
DDR-MIX,MIX,4,3,L,L,0,1,2486,1766,95,false
DDR-MIX,MIX,4,5,L,L,2,0,3881,3161,75,true
DDR-MIX,MIX,5,1,L,L,0,0,769,49,146,false
DDR-MIX,MIX,5,2,L,E,3,0,4786,4066,466,false
DDR-MIX,MIX,5,6,E,E,1,2,5480,4760,123,true
DDR-MIX,MIX,6,3,E,L,2,0,4230,3510,360,false
DDR-MIX,MIX,6,6,L,L,0,0,927,207,33,false
DDR-MIX,MIX,6,7,L,L,0,0,1047,327,102,true
DDR-MIX,MIX,7,1,L,L,1,0,2509,1789,154,false
DDR-MIX,MIX,7,3,L,L,0,0,774,54,144,false
DDR-MIX,MIX,7,4,L,L,0,0,966,246,24,false
DDR-MIX,MIX,7,5,L,N,2,0,4296,3576,497,true
DDR-MIX,MIX,8,1,N,N,0,0,930,210,60,false
DDR-MIX,MIX,8,2,N,N,0,0,999,279,39,false
DDR-MIX,MIX,8,3,N,N,0,0,979,259,21,false
DDR-MIX,MIX,8,4,N,N,0,0,930,210,60,false
DDR-MIX,MIX,8,5,N,L,2,0,3559,2839,281,true
DDR-MIX,MIX,9,1,L,L,0,0,915,195,40,false
DDR-MIX,MIX,9,2,L,L,3,0,4833,4113,402,false
DDR-MIX,MIX,9,6,L,E,1,1,3542,2822,254,true
DDR-MIX,MIX,10,2,E,E,0,0,1006,286,36,false
DDR-MIX,MIX,10,3,E,E,0,0,835,115,112,false
DDR-MIX,MIX,10,4,E,E,0,0,1108,388,33,false
DDR-MIX,MIX,10,5,E,L,2,0,4459,3739,559,true
DDR-MIX,MIX,11,1,L,L,0,2,3760,3040,41,false
DDR-MIX,MIX,11,4,L,E,4,0,6237,5517,450,true
DDR-MIX,MIX,12,2,E,E,0,0,974,254,30,false
DDR-MIX,MIX,12,3,E,E,0,0,927,207,39,false
DDR-MIX,MIX,12,4,E,E,1,1,4220,3500,298,false
DDR-MIX,MIX,12,7,E,E,0,0,859,139,117,true
DDR-BLM,BLM,1,1,E,E,0,0,1157,437,167,false
DDR-BLM,BLM,1,2,E,E,2,0,3644,2924,159,false
DDR-BLM,BLM,1,5,E,E,0,0,993,273,11,false
DDR-BLM,BLM,1,6,E,E,0,0,966,246,33,false
DDR-BLM,BLM,1,7,E,E,0,0,938,218,22,true
DDR-BLM,BLM,2,1,E,E,2,0,3987,3267,120,false
DDR-BLM,BLM,2,4,E,E,0,0,908,188,16,false
DDR-BLM,BLM,2,5,E,E,0,0,929,209,85,false
DDR-BLM,BLM,2,6,E,E,0,0,1047,327,102,false
DDR-BLM,BLM,2,7,E,E,0,0,749,29,162,true
DDR-BLM,BLM,3,1,E,E,1,0,2519,1799,0,false
DDR-BLM,BLM,3,3,E,E,0,0,1115,395,50,false
DDR-BLM,BLM,3,4,E,E,0,0,1004,284,9,false
DDR-BLM,BLM,3,5,E,L,2,0,4494,3774,674,true
DDR-BLM,BLM,4,1,L,N,0,0,1352,632,368,false
DDR-BLM,BLM,4,2,N,N,0,0,960,240,0,false
DDR-BLM,BLM,4,3,N,N,0,0,930,210,60,false
DDR-BLM,BLM,4,4,N,L,3,0,4767,4047,513,true
DDR-BLM,BLM,5,1,L,L,0,0,1134,414,129,false
DDR-BLM,BLM,5,2,L,L,0,0,989,269,39,false
DDR-BLM,BLM,5,3,L,L,2,0,3705,2985,90,false
DDR-BLM,BLM,5,6,L,L,0,0,936,216,33,false
DDR-BLM,BLM,5,7,L,L,1,0,2340,1620,60,true
DDR-BLM,BLM,6,2,L,L,0,0,909,189,51,false
DDR-BLM,BLM,6,3,L,L,0,0,850,130,107,false
DDR-BLM,BLM,6,4,L,E,3,0,4966,4246,292,true
DDR-50MIX,MIX_50PLUS,1,1,L,L,2,1,5119,4399,128,false
DDR-50MIX,MIX_50PLUS,1,5,L,L,0,0,894,174,66,false
DDR-50MIX,MIX_50PLUS,1,6,L,E,0,0,962,242,19,false
DDR-50MIX,MIX_50PLUS,1,7,E,L,0,0,1131,411,126,true
DDR-50MIX,MIX_50PLUS,2,1,L,L,1,0,2433,1713,32,false
DDR-50MIX,MIX_50PLUS,2,3,L,E,0,0,878,158,41,false
DDR-50MIX,MIX_50PLUS,2,4,E,E,2,2,6603,5883,199,true
DDR-50MIX,MIX_50PLUS,3,2,E,E,1,0,2451,1731,92,false
DDR-50MIX,MIX_50PLUS,3,4,E,E,0,0,895,175,82,false
DDR-50MIX,MIX_50PLUS,3,5,E,E,3,0,5192,4472,57,true
DDR-50MIX,MIX_50PLUS,4,2,E,E,0,0,1178,458,188,false
DDR-50MIX,MIX_50PLUS,4,3,E,L,0,0,1135,415,131,false
DDR-50MIX,MIX_50PLUS,4,4,L,E,1,0,2132,1412,259,false
DDR-50MIX,MIX_50PLUS,4,6,E,L,0,1,2632,1912,232,true
DDR-50MIX,MIX_50PLUS,5,1,L,E,1,1,3672,2952,183,false
DDR-50MIX,MIX_50PLUS,5,4,E,E,4,0,6679,5959,49,true
DDR-50MIX,MIX_50PLUS,6,2,E,E,0,0,1007,287,47,false
DDR-50MIX,MIX_50PLUS,6,3,E,L,1,1,4015,3295,220,false
DDR-50MIX,MIX_50PLUS,6,6,L,L,0,1,2401,1681,41,true
