roster,profile,fromLine,toLine,sunday,monday,transition,restMinutes
DDR-V,VROEG,1,2,OFF,E,OFF→E,
DDR-V,VROEG,2,3,E,E,E→E,1053
DDR-V,VROEG,3,4,E,OFF,E→OFF,
DDR-V,VROEG,4,5,OFF,E,OFF→E,
DDR-V,VROEG,5,6,RES,RES,RES→RES,
DDR-V,VROEG,6,7,E,OFF,E→OFF,
DDR-V,VROEG,7,8,OFF,E,OFF→E,
DDR-V,VROEG,8,9,E,OFF,E→OFF,
DDR-V,VROEG,9,10,OFF,E,OFF→E,
DDR-V,VROEG,10,11,OFF,E,OFF→E,
DDR-V,VROEG,11,12,E,E,E→E,1047
DDR-V,VROEG,12,1,OFF,RES,OFF→RES,
DDR-VL,VROEG_LAAT,1,2,OFF,RES,OFF→RES,
DDR-VL,VROEG_LAAT,2,3,OFF,L,OFF→L,
DDR-VL,VROEG_LAAT,3,4,L,OFF,L→OFF,
DDR-VL,VROEG_LAAT,4,5,OFF,L,OFF→L,
DDR-VL,VROEG_LAAT,5,6,E,E,E→E,942
DDR-VL,VROEG_LAAT,6,7,RES,OFF,RES→OFF,
DDR-VL,VROEG_LAAT,7,8,OFF,OFF,OFF→OFF,
DDR-VL,VROEG_LAAT,8,9,L,RES,L→RES,
DDR-VL,VROEG_LAAT,9,10,E,OFF,E→OFF,
DDR-VL,VROEG_LAAT,10,1,OFF,E,OFF→E,
DDR-L,LAAT,1,2,OFF,OFF,OFF→OFF,
DDR-L,LAAT,2,3,L,RES,L→RES,
DDR-L,LAAT,3,4,L,RES,L→RES,
DDR-L,LAAT,4,5,OFF,L,OFF→L,
DDR-L,LAAT,5,6,OFF,OFF,OFF→OFF,
DDR-L,LAAT,6,7,RES,RES,RES→RES,
DDR-L,LAAT,7,8,OFF,L,OFF→L,
DDR-L,LAAT,8,9,L,L,L→L,855
DDR-L,LAAT,9,10,L,OFF,L→OFF,
DDR-L,LAAT,10,11,OFF,OFF,OFF→OFF,
DDR-L,LAAT,11,12,OFF,OFF,OFF→OFF,
DDR-L,LAAT,12,1,L,L,L→L,804
DDR-LN,LAAT_NACHT,1,2,OFF,L,OFF→L,
DDR-LN,LAAT_NACHT,2,3,N,N,N→N,924
DDR-LN,LAAT_NACHT,3,4,L,L,L→L,1069
DDR-LN,LAAT_NACHT,4,5,OFF,OFF,OFF→OFF,
DDR-LN,LAAT_NACHT,5,6,OFF,OFF,OFF→OFF,
DDR-LN,LAAT_NACHT,6,1,L,RES,L→RES,
DDR-MIX,MIX,1,2,OFF,E,OFF→E,
DDR-MIX,MIX,2,3,N,N,N→N,930
DDR-MIX,MIX,3,4,L,OFF,L→OFF,
DDR-MIX,MIX,4,5,OFF,L,OFF→L,
DDR-MIX,MIX,5,6,RES,OFF,RES→OFF,
DDR-MIX,MIX,6,7,L,L,L→L,1047
DDR-MIX,MIX,7,8,OFF,N,OFF→N,
DDR-MIX,MIX,8,9,OFF,L,OFF→L,
DDR-MIX,MIX,9,10,RES,OFF,RES→OFF,
DDR-MIX,MIX,10,11,OFF,L,OFF→L,
DDR-MIX,MIX,11,12,OFF,OFF,OFF→OFF,
DDR-MIX,MIX,12,1,E,E,E→E,859
DDR-BLM,BLM,1,2,E,E,E→E,938
DDR-BLM,BLM,2,3,E,E,E→E,749
DDR-BLM,BLM,3,4,OFF,L,OFF→L,
DDR-BLM,BLM,4,5,OFF,L,OFF→L,
DDR-BLM,BLM,5,6,L,OFF,L→OFF,
DDR-BLM,BLM,6,1,OFF,E,OFF→E,
DDR-50MIX,MIX_50PLUS,1,2,E,L,E→L,1131
DDR-50MIX,MIX_50PLUS,2,3,OFF,RES,OFF→RES,
DDR-50MIX,MIX_50PLUS,3,4,OFF,OFF,OFF→OFF,
DDR-50MIX,MIX_50PLUS,4,5,RES,L,RES→L,
DDR-50MIX,MIX_50PLUS,5,6,OFF,OFF,OFF→OFF,
DDR-50MIX,MIX_50PLUS,6,1,RES,L,RES→L,
