roster,from,to,count,shareOfFrom
DDR-V,E,E,22,53.7
DDR-V,E,L,0,0
DDR-V,E,N,0,0
DDR-V,E,RES,5,12.2
DDR-V,E,OFF,14,34.1
DDR-V,L,E,0,
DDR-V,L,L,0,
DDR-V,L,N,0,
DDR-V,L,RES,0,
DDR-V,L,OFF,0,
DDR-V,N,E,0,
DDR-V,N,L,0,
DDR-V,N,N,0,
DDR-V,N,RES,0,
DDR-V,N,OFF,0,
DDR-V,RES,E,6,50
DDR-V,RES,L,0,0
DDR-V,RES,N,0,0
DDR-V,RES,RES,4,33.3
DDR-V,RES,OFF,2,16.7
DDR-V,OFF,E,13,41.9
DDR-V,OFF,L,0,0
DDR-V,OFF,N,0,0
DDR-V,OFF,RES,3,9.7
DDR-V,OFF,OFF,15,48.4
DDR-VL,E,E,10,52.6
DDR-VL,E,L,0,0
DDR-VL,E,N,0,0
DDR-VL,E,RES,4,21.1
DDR-VL,E,OFF,5,26.3
DDR-VL,L,E,0,0
DDR-VL,L,L,8,53.3
DDR-VL,L,N,0,0
DDR-VL,L,RES,2,13.3
DDR-VL,L,OFF,5,33.3
DDR-VL,N,E,0,
DDR-VL,N,L,0,
DDR-VL,N,N,0,
DDR-VL,N,RES,0,
DDR-VL,N,OFF,0,
DDR-VL,RES,E,5,50
DDR-VL,RES,L,2,20
DDR-VL,RES,N,0,0
DDR-VL,RES,RES,0,0
DDR-VL,RES,OFF,3,30
DDR-VL,OFF,E,4,15.4
DDR-VL,OFF,L,5,19.2
DDR-VL,OFF,N,0,0
DDR-VL,OFF,RES,4,15.4
DDR-VL,OFF,OFF,13,50
DDR-L,E,E,0,
DDR-L,E,L,0,
DDR-L,E,N,0,
DDR-L,E,RES,0,
DDR-L,E,OFF,0,
DDR-L,L,E,0,0
DDR-L,L,L,17,45.9
DDR-L,L,N,0,0
DDR-L,L,RES,9,24.3
DDR-L,L,OFF,11,29.7
DDR-L,N,E,0,
DDR-L,N,L,0,
DDR-L,N,N,0,
DDR-L,N,RES,0,
DDR-L,N,OFF,0,
DDR-L,RES,E,0,0
DDR-L,RES,L,8,53.3
DDR-L,RES,N,0,0
DDR-L,RES,RES,2,13.3
DDR-L,RES,OFF,5,33.3
DDR-L,OFF,E,0,0
DDR-L,OFF,L,12,37.5
DDR-L,OFF,N,0,0
DDR-L,OFF,RES,4,12.5
DDR-L,OFF,OFF,16,50
DDR-LN,E,E,0,
DDR-LN,E,L,0,
DDR-LN,E,N,0,
DDR-LN,E,RES,0,
DDR-LN,E,OFF,0,
DDR-LN,L,E,0,0
DDR-LN,L,L,8,50
DDR-LN,L,N,0,0
DDR-LN,L,RES,3,18.8
DDR-LN,L,OFF,5,31.3
DDR-LN,N,E,0,0
DDR-LN,N,L,0,0
DDR-LN,N,N,5,83.3
DDR-LN,N,RES,0,0
DDR-LN,N,OFF,1,16.7
DDR-LN,RES,E,0,0
DDR-LN,RES,L,2,50
DDR-LN,RES,N,0,0
DDR-LN,RES,RES,0,0
DDR-LN,RES,OFF,2,50
DDR-LN,OFF,E,0,0
DDR-LN,OFF,L,6,37.5
DDR-LN,OFF,N,1,6.3
DDR-LN,OFF,RES,1,6.3
DDR-LN,OFF,OFF,8,50
DDR-MIX,E,E,8,53.3
DDR-MIX,E,L,0,0
DDR-MIX,E,N,0,0
DDR-MIX,E,RES,2,13.3
DDR-MIX,E,OFF,5,33.3
DDR-MIX,L,E,0,0
DDR-MIX,L,L,9,47.4
DDR-MIX,L,N,0,0
DDR-MIX,L,RES,3,15.8
DDR-MIX,L,OFF,7,36.8
DDR-MIX,N,E,0,0
DDR-MIX,N,L,0,0
DDR-MIX,N,N,8,80
DDR-MIX,N,RES,0,0
DDR-MIX,N,OFF,2,20
DDR-MIX,RES,E,3,37.5
DDR-MIX,RES,L,2,25
DDR-MIX,RES,N,0,0
DDR-MIX,RES,RES,1,12.5
DDR-MIX,RES,OFF,2,25
DDR-MIX,OFF,E,4,12.5
DDR-MIX,OFF,L,8,25
DDR-MIX,OFF,N,2,6.3
DDR-MIX,OFF,RES,2,6.3
DDR-MIX,OFF,OFF,16,50
DDR-BLM,E,E,10,71.4
DDR-BLM,E,L,0,0
DDR-BLM,E,N,0,0
DDR-BLM,E,RES,0,0
DDR-BLM,E,OFF,4,28.6
DDR-BLM,L,E,0,0
DDR-BLM,L,L,5,55.6
DDR-BLM,L,N,1,11.1
DDR-BLM,L,RES,0,0
DDR-BLM,L,OFF,3,33.3
DDR-BLM,N,E,0,0
DDR-BLM,N,L,0,0
DDR-BLM,N,N,2,66.7
DDR-BLM,N,RES,0,0
DDR-BLM,N,OFF,1,33.3
DDR-BLM,RES,E,0,
DDR-BLM,RES,L,0,
DDR-BLM,RES,N,0,
DDR-BLM,RES,RES,0,
DDR-BLM,RES,OFF,0,
DDR-BLM,OFF,E,4,25
DDR-BLM,OFF,L,4,25
DDR-BLM,OFF,N,0,0
DDR-BLM,OFF,RES,0,0
DDR-BLM,OFF,OFF,8,50
DDR-50MIX,E,E,3,27.3
DDR-50MIX,E,L,2,18.2
DDR-50MIX,E,N,0,0
DDR-50MIX,E,RES,2,18.2
DDR-50MIX,E,OFF,4,36.4
DDR-50MIX,L,E,2,25
DDR-50MIX,L,L,1,12.5
DDR-50MIX,L,N,0,0
DDR-50MIX,L,RES,2,25
DDR-50MIX,L,OFF,3,37.5
DDR-50MIX,N,E,0,
DDR-50MIX,N,L,0,
DDR-50MIX,N,N,0,
DDR-50MIX,N,RES,0,
DDR-50MIX,N,OFF,0,
DDR-50MIX,RES,E,2,28.6
DDR-50MIX,RES,L,3,42.9
DDR-50MIX,RES,N,0,0
DDR-50MIX,RES,RES,0,0
DDR-50MIX,RES,OFF,2,28.6
DDR-50MIX,OFF,E,4,25
DDR-50MIX,OFF,L,2,12.5
DDR-50MIX,OFF,N,0,0
DDR-50MIX,OFF,RES,3,18.8
DDR-50MIX,OFF,OFF,7,43.8
ALL,E,E,53,53
ALL,E,L,2,2
ALL,E,N,0,0
ALL,E,RES,13,13
ALL,E,OFF,32,32
ALL,L,E,2,1.9
ALL,L,L,48,46.2
ALL,L,N,1,1
ALL,L,RES,19,18.3
ALL,L,OFF,34,32.7
ALL,N,E,0,0
ALL,N,L,0,0
ALL,N,N,15,78.9
ALL,N,RES,0,0
ALL,N,OFF,4,21.1
ALL,RES,E,16,28.6
ALL,RES,L,17,30.4
ALL,RES,N,0,0
ALL,RES,RES,7,12.5
ALL,RES,OFF,16,28.6
ALL,OFF,E,29,17.2
ALL,OFF,L,37,21.9
ALL,OFF,N,3,1.8
ALL,OFF,RES,17,10.1
ALL,OFF,OFF,83,49.1
