roster,profile,startLine,startWeekday,length,lines,states,dominant,dominantSharePct,switches,reversals,meanStartDeltaMin,maxStartDeltaMin,meanEndDeltaMin
DDR-V,VROEG,1,2,4,1,EEEE,E,100,0,0,124.7,210,117.3
DDR-V,VROEG,2,1,3,2,EEE,E,100,0,0,114,150,136
DDR-V,VROEG,2,6,3,2 3,EEE,E,100,0,0,19,26,63
DDR-V,VROEG,3,4,4,3,EEEE,E,100,0,0,106,180,115.3
DDR-V,VROEG,4,3,3,4,EEE,E,100,0,0,90,142,139
DDR-V,VROEG,5,1,1,5,E,E,100,0,0,,,
DDR-V,VROEG,5,3,1,5,E,E,100,0,0,,,
DDR-V,VROEG,5,6,1,5,E,E,100,0,0,,,
DDR-V,VROEG,6,5,3,6,EEE,E,100,0,0,88.5,125,31
DDR-V,VROEG,8,1,2,8,EE,E,100,0,0,46,46,48
DDR-V,VROEG,8,5,1,8,E,E,100,0,0,,,
DDR-V,VROEG,8,7,1,8,E,E,100,0,0,,,
DDR-V,VROEG,9,2,1,9,E,E,100,0,0,,,
DDR-V,VROEG,9,5,1,9,E,E,100,0,0,,,
DDR-V,VROEG,10,1,1,10,E,E,100,0,0,,,
DDR-V,VROEG,10,3,2,10,EE,E,100,0,0,0,0,30
DDR-V,VROEG,11,1,3,11,EEE,E,100,0,0,50,90,75
DDR-V,VROEG,11,6,3,11 12,EEE,E,100,0,0,35,57,56.5
DDR-V,VROEG,12,3,3,12,EEE,E,100,0,0,122,131,79.5
DDR-VL,VROEG_LAAT,2,2,4,2,EEEE,E,100,0,0,93,137,136
DDR-VL,VROEG_LAAT,3,1,2,3,LL,L,100,0,0,144,144,133
DDR-VL,VROEG_LAAT,3,6,2,3,LL,L,100,0,0,105,105,103
DDR-VL,VROEG_LAAT,4,2,4,4,LLLL,L,100,0,0,28.7,68,28.3
DDR-VL,VROEG_LAAT,5,1,2,5,LL,L,100,0,0,71,71,19
DDR-VL,VROEG_LAAT,5,6,3,5 6,EEE,E,100,0,0,12,24,45.5
DDR-VL,VROEG_LAAT,6,5,2,6,EE,E,100,0,0,30,30,73
DDR-VL,VROEG_LAAT,7,4,2,7,LL,L,100,0,0,61,61,56
DDR-VL,VROEG_LAAT,8,2,1,8,E,E,100,0,0,,,
DDR-VL,VROEG_LAAT,8,4,1,8,E,E,100,0,0,,,
DDR-VL,VROEG_LAAT,8,6,2,8,LL,L,100,0,0,229,229,223
DDR-VL,VROEG_LAAT,9,4,1,9,L,L,100,0,0,,,
DDR-VL,VROEG_LAAT,9,6,2,9,EE,E,100,0,0,8,8,40
DDR-VL,VROEG_LAAT,10,3,1,10,E,E,100,0,0,,,
DDR-VL,VROEG_LAAT,10,5,1,10,E,E,100,0,0,,,
DDR-VL,VROEG_LAAT,1,1,4,1,EEEE,E,100,0,0,28.7,60,37.7
DDR-L,LAAT,1,3,3,1,LLL,L,100,0,0,54.5,98,59
DDR-L,LAAT,2,2,1,2,L,L,100,0,0,,,
DDR-L,LAAT,2,5,1,2,L,L,100,0,0,,,
DDR-L,LAAT,2,7,1,2,L,L,100,0,0,,,
DDR-L,LAAT,3,2,1,3,L,L,100,0,0,,,
DDR-L,LAAT,3,5,3,3,LLL,L,100,0,0,93,93,69
DDR-L,LAAT,4,3,2,4,LL,L,100,0,0,106,106,227
DDR-L,LAAT,5,1,4,5,LLLL,L,100,0,0,131.7,210,135.7
DDR-L,LAAT,6,2,3,6,LLL,L,100,0,0,40,67,46.5
DDR-L,LAAT,7,2,1,7,L,L,100,0,0,,,
DDR-L,LAAT,7,5,1,7,L,L,100,0,0,,,
DDR-L,LAAT,8,1,2,8,LL,L,100,0,0,48,48,20
DDR-L,LAAT,8,6,3,8 9,LLL,L,100,0,0,127,150,90.5
DDR-L,LAAT,9,4,2,9,LL,L,100,0,0,71,71,33
DDR-L,LAAT,9,7,1,9,L,L,100,0,0,,,
DDR-L,LAAT,10,2,2,10,LL,L,100,0,0,172,172,135
DDR-L,LAAT,11,3,2,11,LL,L,100,0,0,51,51,53
DDR-L,LAAT,12,2,1,12,L,L,100,0,0,,,
DDR-L,LAAT,12,5,1,12,L,L,100,0,0,,,
DDR-L,LAAT,12,7,2,12 1,LL,L,100,0,0,97,97,194
DDR-LN,LAAT_NACHT,1,3,1,1,L,L,100,0,0,,,
DDR-LN,LAAT_NACHT,1,5,1,1,L,L,100,0,0,,,
DDR-LN,LAAT_NACHT,2,1,1,2,L,L,100,0,0,,,
DDR-LN,LAAT_NACHT,2,5,6,2 3,NNNNNN,N,100,0,0,26.4,60,19.6
DDR-LN,LAAT_NACHT,3,6,3,3 4,LLL,L,100,0,0,121.5,123,76
DDR-LN,LAAT_NACHT,4,5,1,4,L,L,100,0,0,,,
DDR-LN,LAAT_NACHT,5,2,4,5,LLLL,L,100,0,0,93,150,120
DDR-LN,LAAT_NACHT,6,2,3,6,LLL,L,100,0,0,93.5,113,235.5
DDR-LN,LAAT_NACHT,6,6,2,6,LL,L,100,0,0,18,18,56
DDR-MIX,MIX,1,4,1,1,E,E,100,0,0,,,
DDR-MIX,MIX,2,1,2,2,EE,E,100,0,0,45,45,130
DDR-MIX,MIX,2,4,5,2 3,NNNNN,N,100,0,0,89.3,147,56
DDR-MIX,MIX,3,4,4,3,LLLL,L,100,0,0,61.3,115,83.3
DDR-MIX,MIX,4,3,1,4,L,L,100,0,0,,,
DDR-MIX,MIX,4,5,1,4,L,L,100,0,0,,,
DDR-MIX,MIX,5,1,2,5,LL,L,100,0,0,146,146,163
DDR-MIX,MIX,5,6,1,5,E,E,100,0,0,,,
DDR-MIX,MIX,6,3,1,6,E,E,100,0,0,,,
DDR-MIX,MIX,6,6,3,6 7,LLL,L,100,0,0,67.5,102,75
DDR-MIX,MIX,7,3,3,7,LLL,L,100,0,0,84,144,107.5
DDR-MIX,MIX,8,1,5,8,NNNNN,N,100,0,0,45,60,28
DDR-MIX,MIX,9,1,2,9,LL,L,100,0,0,40,40,0
DDR-MIX,MIX,9,6,1,9,L,L,100,0,0,,,
DDR-MIX,MIX,10,2,4,10,EEEE,E,100,0,0,60.3,112,129
DDR-MIX,MIX,11,1,1,11,L,L,100,0,0,,,
DDR-MIX,MIX,11,4,1,11,L,L,100,0,0,,,
DDR-MIX,MIX,12,2,3,12,EEE,E,100,0,0,34.5,39,61.5
DDR-MIX,MIX,12,7,3,12 1,EEE,E,100,0,0,112,117,79.5
DDR-BLM,BLM,1,5,4,1 2,EEEE,E,100,0,0,22,33,38.3
DDR-BLM,BLM,2,4,5,2 3,EEEEE,E,100,0,0,91.3,162,147
DDR-BLM,BLM,3,3,3,3,EEE,E,100,0,0,29.5,50,83
DDR-BLM,BLM,4,1,4,4,LNNN,N,75,1,0,30,60,30
DDR-BLM,BLM,5,1,3,5,LLL,L,100,0,0,84,129,90
DDR-BLM,BLM,5,6,2,5,LL,L,100,0,0,33,33,24
DDR-BLM,BLM,6,2,3,6,LLL,L,100,0,0,79,107,68
DDR-BLM,BLM,1,1,2,1,EE,E,100,0,0,167,167,234
DDR-50MIX,MIX_50PLUS,1,5,4,1 2,LLEL,L,75,2,1,66,66,49
DDR-50MIX,MIX_50PLUS,2,3,2,2,LE,E,50,1,0,,,
DDR-50MIX,MIX_50PLUS,3,2,1,3,E,E,100,0,0,,,
DDR-50MIX,MIX_50PLUS,3,4,2,3,EE,E,100,0,0,82,82,34
DDR-50MIX,MIX_50PLUS,4,2,3,4,EEL,E,66.7,1,0,188,188,174
DDR-50MIX,MIX_50PLUS,4,6,1,4,E,E,100,0,0,,,
DDR-50MIX,MIX_50PLUS,5,1,1,5,L,L,100,0,0,,,
DDR-50MIX,MIX_50PLUS,5,4,1,5,E,E,100,0,0,,,
DDR-50MIX,MIX_50PLUS,6,2,2,6,EE,E,100,0,0,47,47,92
DDR-50MIX,MIX_50PLUS,6,6,1,6,L,L,100,0,0,,,
DDR-50MIX,MIX_50PLUS,1,1,1,1,L,L,100,0,0,,,
