phase,strategy,mode,ablation,run,candidate,engine,candidateId,runtimeSeconds,validationState,overall,overallWithoutContinuity,robust,hours,flow,rest,nights,fairness,stability,hoursRosterMAD,hoursRosterMax,hoursRosterSD,hoursLineMAD,hoursLineMax,hoursLinesOutside30,singletonNights,twoNightBlocks,nightBlocks3plus,averageNightBlock,longestNightBlock,heavyTransitions,nightToEarly,lateToEarly,earlyToNight,transitionPenalty,switchesPerWorkedDay,averageStreak,restSurplus,restRecovery,shortestRestSurplus,minNightRecoveryHours,nightFairness,shuntingFairness,weekendFairness,nightsPerLineSD,shuntingPerLineMaxMin,worstLine,medianLine,patternDistance,sameDutyShare,sameDaypartShare,hardValid,confirmedHardViolations,profileBreaches,coverageUnassigned,lnEarlyDuties
official,OFFICIAL,,,0,0,human,,,,80.700,78.600,64.900,70.300,75.700,76.700,100,66.900,100,12.714,48,15.201,291.125,737,56,0,0,4,4.750,6,2,0,2,0,13,0.022,2.084,73,82.500,29,55.950,73.300,48.200,81.800,0.208,0.867,15.625,75,0,100,100,1,,0,0,0
before,BALANCED,,,1,1,legacy,ca28e4cf-257b-43f6-aa32-2e46481ad844,195.900,TECHNICALLY_VALID_UNVERIFIED_RULES,81.800,84.500,78.400,76.200,81.600,80.700,100,82.400,57.500,8.143,23,10.106,279.969,644,56,0,0,5,3.800,5,0,0,0,0,1,0,2.186,77.800,76,123,46.450,71.700,93.600,81.800,0.236,0.083,59.375,79.948,29.200,42.152,67.713,1,0,0,0,0
before,BALANCED,,,1,2,legacy,76cb2d96-082e-449d-9b48-ca45e3819200,195.900,TECHNICALLY_VALID_UNVERIFIED_RULES,81.700,84.300,78.400,76.100,81.600,80,100,82.400,58.200,8.143,23,10.106,283.656,644,58,0,0,5,3.800,5,0,0,0,0,1,0,2.186,76.600,76,123,46.450,71.700,93.600,81.800,0.236,0.083,59.375,76.042,29,43.946,67.713,1,0,0,0,0
before,BALANCED,,,1,3,legacy,edb7cd53-cdfc-4f9a-ac96-3ea7f2b45ea1,195.900,TECHNICALLY_VALID_UNVERIFIED_RULES,82.200,84.800,78.700,76.200,81.600,82.400,100,82.400,58.700,8.143,23,10.106,280.313,673,55,0,0,5,3.800,5,0,0,0,0,1,0,2.186,78.600,81,123,49.133,71.700,93.600,81.800,0.236,0.083,59.375,77.552,29.500,45.291,67.713,1,0,0,0,0
before,BALANCED,,,2,1,legacy,5f66b9ac-4207-407b-b6c5-ec7a89506ad1,194.400,TECHNICALLY_VALID_UNVERIFIED_RULES,81.800,84.300,78.400,76.300,80.200,81.200,100,82.400,59.600,8.143,19,9.403,281.750,762,54,0,0,5,3.800,5,0,0,0,0,2,0.009,2.144,78.600,76,121,48.933,71.700,93.600,81.800,0.236,0.083,59.375,76.875,22.500,38.117,73.991,1,0,0,0,0
before,BALANCED,,,2,2,legacy,0fda1efc-d579-44cc-b6c3-bccbcfd035f9,194.400,TECHNICALLY_VALID_UNVERIFIED_RULES,82.100,84.400,78.700,76,80.200,82.300,100,82.400,61.100,8.143,19,9.403,285.906,658,56,0,0,5,3.800,5,0,0,0,0,2,0.009,2.144,78.300,81,121,48.933,71.700,93.600,81.800,0.236,0.083,59.375,76.875,22.700,41.704,73.991,1,0,0,0,0
before,BALANCED,,,2,3,legacy,a735fef9-54f7-4f97-984a-f938be1bd3a7,194.400,TECHNICALLY_VALID_UNVERIFIED_RULES,81.900,84.400,78.500,76.100,80.200,82,100,82.400,59.600,8.143,19,9.403,285.625,663,59,0,0,5,3.800,5,0,0,0,0,2,0.009,2.144,77.900,81,121,49.133,71.700,93.600,81.800,0.236,0.083,59.375,76.979,22.300,43.498,70.404,1,0,0,0,0
before,BALANCED,,,3,1,legacy,adbda82b-86ac-4bad-a0a7-fdf2639de2e5,286.600,TECHNICALLY_VALID_UNVERIFIED_RULES,80.200,82.700,75.600,76.500,79.200,72.400,100,82.900,57.400,8.143,20,9.448,272.406,612,53,0,0,5,3.800,5,1,0,0,0,6,0.009,2.144,79.500,44,123,23.267,82.400,84.300,81.800,0.142,0.333,50,79.063,23,39.910,69.058,1,0,0,0,0
before,BALANCED,,,3,2,legacy,e86b900a-4d5a-4136-b83b-4cc4c22cf333,286.600,TECHNICALLY_VALID_UNVERIFIED_RULES,80.600,83.100,76,76.500,79.200,74.800,100,82.900,58.300,8.143,20,9.448,274.063,603,54,0,0,5,3.800,5,1,0,0,0,6,0.009,2.144,78.500,56,123,23.267,82.400,84.300,81.800,0.142,0.333,50,79.063,22.700,42.152,69.058,1,0,0,0,0
before,BALANCED,,,3,3,legacy,1342eeda-4ba8-4d75-a6e9-a5150b031774,286.600,TECHNICALLY_VALID_UNVERIFIED_RULES,80.400,83,75.800,76.400,79.200,74.500,100,82.900,56.700,8.143,20,9.448,274.313,612,56,0,0,5,3.800,5,1,0,0,0,6,0.009,2.144,78.100,56,123,23.267,82.400,84.300,81.800,0.142,0.333,50,79.063,22.600,42.152,66.368,1,0,0,0,0
before,BALANCED,,,4,1,legacy,882ef345-41d2-4791-8107-cfffe7cc34f9,224.800,TECHNICALLY_VALID_UNVERIFIED_RULES,80.100,82.800,76.200,76.300,79.700,72.400,100,83,55.700,8.143,23,9.949,273.594,603,57,0,0,6,3.167,4,1,0,0,0,4,0.009,2.144,78.400,46.700,68,13.133,73.300,93.600,81.800,0.208,0.083,54.208,79.531,27.700,37.668,67.713,1,0,0,0,0
before,BALANCED,,,4,2,legacy,bf43d4bd-36c1-4a62-b38a-5f1844af4889,224.800,TECHNICALLY_VALID_UNVERIFIED_RULES,80.700,83.300,77.500,76.400,80.200,80.700,100,77.100,57.600,8.286,20,9.587,272.844,687,57,0,0,5,3.800,5,0,0,0,0,2,0.009,2.144,77.800,76,125,46.450,65.900,84.300,81.800,0.275,0.333,59.375,79.479,22.500,43.049,67.265,1,0,0,0,0
before,BALANCED,,,4,3,legacy,c802711d-44fc-4379-871e-0225b6de0d48,224.800,TECHNICALLY_VALID_UNVERIFIED_RULES,80.500,83,77.400,76.200,81.100,80.100,94.700,81.900,58.400,8.143,20,9.448,277.344,646,52,0,1,5,3.167,4,0,0,0,0,1,0.004,2.165,78.900,70.800,132,46.450,73.300,90.500,81.800,0.208,0.167,59.375,79.688,30.800,40.359,70.404,1,0,0,0,0
before,BALANCED,,,5,1,legacy,bbbe5c10-e7ac-4b62-8479-29923b2eaf34,194.200,TECHNICALLY_VALID_UNVERIFIED_RULES,81.500,84.600,78.100,76.400,80.800,76.900,100,87.900,53.700,8.143,19,9.403,271.156,596,56,0,0,5,3.800,5,0,0,0,0,2,0.004,2.165,79.800,56,120,30.100,87.100,93.600,81.800,0.079,0.083,59.010,80.260,26.300,36.771,65.022,1,0,0,0,0
before,BALANCED,,,5,2,legacy,0e0aed78-79c9-439f-9318-87f73eb9695d,194.200,TECHNICALLY_VALID_UNVERIFIED_RULES,81.600,84.400,78.200,76,80.800,76,100,87.900,57,8.143,19,9.403,282.531,698,57,0,0,5,3.800,5,0,0,0,0,2,0.004,2.165,78.300,56,120,30.100,87.100,93.600,81.800,0.079,0.083,59.010,79.583,25.700,39.462,68.610,1,0,0,0,0
before,BALANCED,,,5,3,legacy,c77b96d6-c6aa-48eb-bbcc-76f4f0221ff1,194.200,TECHNICALLY_VALID_UNVERIFIED_RULES,80.700,83.300,76.400,76.200,78.400,80.500,94.700,86.600,57.900,8.571,24,10.280,262.031,565,57,0,1,4,3.800,6,0,0,0,0,5,0.018,2.104,82.100,65,123,46.633,83.700,93.600,81.800,0.136,0.083,51.792,81.417,11.300,34.529,73.543,1,0,0,0,0
before,BALANCED,,,6,1,legacy,f72fd18b-bb7f-4202-8f52-1d3618b85e66,194.100,TECHNICALLY_VALID_UNVERIFIED_RULES,81.600,83.800,78.200,76.500,80.800,73.400,100,86.600,61.200,8.143,21,9.583,268.563,602,54,0,0,4,4.750,6,0,0,0,0,2,0.004,2.165,78.600,45,120,30.100,83.700,93.600,81.800,0.136,0.083,59.375,79.583,16.500,43.946,72.646,1,0,0,0,0
before,BALANCED,,,6,2,legacy,cb686df5-0c96-4407-9f21-4b199c6ff5e7,194.100,TECHNICALLY_VALID_UNVERIFIED_RULES,81.600,83.800,78.100,76.100,80.800,73.500,100,86.600,62.100,8.286,20,9.587,276,672,50,0,0,4,4.750,6,0,0,0,0,2,0.004,2.165,78.700,45,120,33.267,83.700,93.600,81.800,0.136,0.083,58.177,80.729,16.700,46.188,72.646,1,0,0,0,0
before,BALANCED,,,6,3,legacy,5828e061-c7e5-423b-9548-4acee58d7885,194.100,TECHNICALLY_VALID_UNVERIFIED_RULES,81.500,83.600,78.200,75.900,80.800,72.700,100,86.600,62.400,8.286,20,9.587,276.938,613,54,0,0,4,4.750,6,0,0,0,0,2,0.004,2.165,77.400,45,120,33.267,83.700,93.600,81.800,0.136,0.083,59.375,77.760,16,47.085,72.646,1,0,0,0,0
before,BALANCED,,,7,1,legacy,c8a94ce5-6bca-4db2-b5d2-444942f2e030,194.100,TECHNICALLY_VALID_UNVERIFIED_RULES,80.800,83.100,77.600,76,80.800,77,94.700,86.200,59.900,8.286,20,9.572,279,698,56,0,1,5,3.167,4,0,0,0,0,2,0.004,2.165,76.300,65,123,30.250,82.400,93.600,81.800,0.142,0.083,59.375,80,29.800,43.498,70.852,1,0,0,0,0
before,BALANCED,,,7,2,legacy,0d43904c-7094-40dd-b45b-ba15120f851e,194.100,TECHNICALLY_VALID_UNVERIFIED_RULES,81.200,83.700,78.400,76.100,80,73.900,100,86.600,59.500,8.429,19,9.163,271.656,644,53,0,0,4,4.750,6,0,0,0,0,3,0.009,2.144,79.300,45,120,33.267,83.700,93.600,81.800,0.136,0.083,62.396,81.875,13.200,39.013,73.094,1,0,0,0,0
before,BALANCED,,,7,3,legacy,88dcdc58-96ee-4ffe-b191-27ad66f26283,194.100,TECHNICALLY_VALID_UNVERIFIED_RULES,81.400,83.700,78.100,76.200,80,73.800,100,86.600,60.700,8.143,19,9.403,277.719,698,53,0,0,4,4.750,6,0,0,0,0,3,0.009,2.144,79.300,45,120,33.267,83.700,93.600,81.800,0.136,0.083,59.583,79.375,13.300,43.498,72.197,1,0,0,0,0
before,BALANCED,,,8,1,legacy,634442e2-c644-47bf-983a-0951e35dc449,194.100,TECHNICALLY_VALID_UNVERIFIED_RULES,81.800,84.300,78.500,76.200,81.300,76.300,100,86.200,59.600,8.286,20,9.587,281.313,713,55,0,0,5,3.800,5,0,0,0,0,2,0,2.186,78.800,56,123,31.750,82.400,93.600,81.800,0.142,0.083,59.375,76.354,29.900,43.498,70.404,1,0,0,0,0
before,BALANCED,,,8,2,legacy,7bfd9042-4337-4301-8fcc-e4299c074d92,194.100,TECHNICALLY_VALID_UNVERIFIED_RULES,81.900,84.400,78.600,76.100,81.300,77,100,86.200,59.800,8.143,19,9.403,285.875,713,57,0,0,5,3.800,5,0,0,0,0,2,0,2.186,79.900,56,123,31.750,82.400,93.600,81.800,0.142,0.083,59.375,77.865,30.300,43.946,70.404,1,0,0,0,0
before,BALANCED,,,8,3,legacy,10b03846-426e-48db-80bc-61f6a218a070,194.100,TECHNICALLY_VALID_UNVERIFIED_RULES,81.900,84.400,79.100,76.300,81.300,76.500,100,86.200,59.500,8.143,19,9.403,282.344,698,54,0,0,5,3.800,5,0,0,0,0,2,0,2.186,79.200,56,123,31.750,82.400,93.600,81.800,0.142,0.083,63.636,75.521,29.900,45.740,68.610,1,0,0,0,0
before,BALANCED,,,9,1,legacy,3f6971bb-1e05-42e0-922e-80d7ad918e27,286.300,TECHNICALLY_VALID_UNVERIFIED_RULES,81.900,84,76.200,76.400,78.600,73.400,100,90.700,62.800,8.286,20,9.587,272.469,681,57,0,0,4,4.750,5,1,0,0,0,6,0.013,2.124,78.200,51.200,125,23.450,95.100,93.600,81.800,0.039,0.083,43.750,78.333,12.800,45.291,74.439,1,0,0,0,0
before,BALANCED,,,9,2,legacy,dc19e123-c0d7-4937-901d-4037d4680ea4,286.300,TECHNICALLY_VALID_UNVERIFIED_RULES,81.900,84,73.700,76.400,78.600,73,100,90.700,63.300,8.286,20,9.587,271.563,701,58,0,0,4,4.750,5,1,0,0,0,6,0.013,2.124,77.600,51.200,123,22.950,95.100,93.600,81.800,0.039,0.083,39.323,81.510,12.700,46.637,74.439,1,0,0,0,0
before,BALANCED,,,9,3,legacy,f181a458-4ac7-4fda-8a96-d966a0a13c47,286.300,TECHNICALLY_VALID_UNVERIFIED_RULES,82.200,84.200,77.400,76.300,79.400,73.900,100,90.700,64,8.286,20,9.587,275.781,672,56,0,0,4,4.750,5,1,0,0,0,5,0.009,2.144,79,51.200,131,22.950,95.100,93.600,81.800,0.039,0.083,50,79.896,17,47.085,75.336,1,0,0,0,0
before,BALANCED,,,10,1,legacy,bf1ce617-6325-4bd3-a014-14ba5fefbb9b,286.300,TECHNICALLY_VALID_UNVERIFIED_RULES,79.100,81.200,71.400,76.300,79.400,69.600,94.700,83.900,59.400,8.286,21,9.691,269.625,737,57,0,1,5,3.167,5,1,0,0,0,5,0.009,2.144,78.900,34.200,68,13.133,76,93.600,81.800,0.180,0.083,39.625,81.458,23,40.807,71.749,1,0,0,0,0
before,BALANCED,,,10,2,legacy,e7608c33-4d2d-4911-a399-eea58aba03c6,286.300,TECHNICALLY_VALID_UNVERIFIED_RULES,79.200,81.400,71.600,76.300,79.400,70.300,94.700,83.900,59.700,8.286,21,9.691,270.406,737,55,0,1,5,3.167,5,1,0,0,0,5,0.009,2.144,80.200,34.200,68,13.133,76,93.600,81.800,0.180,0.083,39.625,81.458,23.500,41.704,71.749,1,0,0,0,0
before,BALANCED,,,10,3,legacy,3696a6ac-616d-4614-ae53-8e437d1192ec,286.300,TECHNICALLY_VALID_UNVERIFIED_RULES,79.100,81.200,71.900,76.200,79.400,69.300,94.700,83.900,60.600,8.286,20,9.587,271.500,737,55,0,1,5,3.167,5,1,0,0,0,5,0.009,2.144,78.400,34.200,68,13.133,76,93.600,81.800,0.180,0.083,39.625,79.948,23.300,42.601,72.646,1,0,0,0,0
before,REST_QUALITY,,,11,1,legacy,9062d5ff-a0df-4e2d-8d13-4ca3814f7100,194.700,TECHNICALLY_VALID_UNVERIFIED_RULES,80.500,83,77.700,76,79.700,77.600,100,79.300,58.100,8.143,19,9.403,287.031,644,56,0,0,5,3.800,5,0,0,0,0,4,0.009,2.144,77.600,64,122,32.450,65.900,90.500,81.800,0.275,0.167,61.927,75,22.500,43.049,68.161,1,0,0,0,0
before,REST_QUALITY,,,11,2,legacy,f6b0d375-3606-44ca-ab41-34fa90002166,194.700,TECHNICALLY_VALID_UNVERIFIED_RULES,81.400,83.900,78.100,75.800,79.200,72.800,100,90.700,58.700,8.429,20,9.737,280.188,659,57,0,0,4,4.750,5,0,0,0,0,4,0.013,2.124,77.500,45,120,34.717,95.100,93.600,81.800,0.039,0.083,59.375,76.354,12.500,41.256,70.404,1,0,0,0,0
before,REST_QUALITY,,,11,3,legacy,8ca3ca45-2e0c-40aa-8add-0b1094e7d5a3,194.700,TECHNICALLY_VALID_UNVERIFIED_RULES,81.900,84.400,78.500,76.200,79.700,74.200,100,90.700,60.100,8.286,20,9.572,271.719,602,55,0,0,4,4.750,5,0,0,0,0,4,0.009,2.144,80,45,120,29.783,95.100,93.600,81.800,0.039,0.083,59.375,76.354,17,43.946,70.852,1,0,0,0,0
before,REST_QUALITY,,,12,1,legacy,e995b980-343b-4dfb-98c1-41869987a0cc,194,TECHNICALLY_VALID_UNVERIFIED_RULES,81.900,84,78.500,76.400,80,78.300,94.700,90.700,62.900,8.286,22,9.881,276.219,698,55,0,1,4,3.800,5,0,0,0,0,3,0.009,2.144,80.100,61,120,30.100,95.100,93.600,81.800,0.039,0.083,59.583,81.875,19.400,46.188,73.991,1,0,0,0,0
before,REST_QUALITY,,,12,2,legacy,b02d961c-a4df-44ce-a274-212087f66fd1,194,TECHNICALLY_VALID_UNVERIFIED_RULES,81.800,84,78.500,76.500,80,78.100,94.700,90.700,62.700,8.143,21,9.583,282,712,56,0,1,4,3.800,5,0,0,0,0,3,0.009,2.144,79.800,61,120,30.100,95.100,93.600,81.800,0.039,0.083,59.583,81.510,19,47.085,73.094,1,0,0,0,0
before,REST_QUALITY,,,12,3,legacy,d561a6c7-3031-4711-b8fb-38738f3a2e60,194,TECHNICALLY_VALID_UNVERIFIED_RULES,81.800,83.900,78.500,76.600,80,77.800,94.700,90.700,62.500,8.143,19,9.403,274.875,644,51,0,1,4,3.800,5,0,0,0,0,3,0.009,2.144,79.300,61,120,29.783,95.100,93.600,81.800,0.039,0.083,59.583,77.375,19.100,47.982,72.197,1,0,0,0,0
before,REST_QUALITY,,,13,1,legacy,6ff311fd-d198-424e-a9df-fecfd6230be0,194,TECHNICALLY_VALID_UNVERIFIED_RULES,80.400,83.100,77.300,76.900,80.800,76,100,79.100,56.100,8.143,23,9.949,268.750,663,52,0,0,5,3.800,5,0,0,0,0,2,0.004,2.165,78.300,56,121,33.267,71.700,84.300,81.800,0.236,0.333,59.375,82.188,26.100,41.256,65.919,1,0,0,0,0
before,REST_QUALITY,,,13,2,legacy,aecd2399-e331-4b51-8f65-31f076cca670,194,TECHNICALLY_VALID_UNVERIFIED_RULES,82.700,84.900,79.300,76.800,81.100,79.400,100,86.200,63.100,8.143,20,9.448,266.406,722,48,0,0,4,4.750,6,0,0,0,0,1,0.004,2.165,78.200,70,122,46.767,82.400,93.600,81.800,0.142,0.083,60.052,81.510,23.500,44.843,75.336,1,0,0,0,0
before,REST_QUALITY,,,13,3,legacy,75622717-3b00-4021-acad-48d687bc1e2f,194,TECHNICALLY_VALID_UNVERIFIED_RULES,82.800,84.800,79.300,76.500,81.100,79.400,100,86.200,64.800,8.143,20,9.448,273.188,661,52,0,0,4,4.750,6,0,0,0,0,1,0.004,2.165,78.200,70,120,47.767,82.400,93.600,81.800,0.142,0.083,59.375,81.406,23.500,48.879,75.336,1,0,0,0,0
before,REST_QUALITY,,,14,1,legacy,a945b6d9-9c21-4dac-8095-0faff9f4ef2c,194,TECHNICALLY_VALID_UNVERIFIED_RULES,81.600,84.100,78.300,76.400,79.700,77,100,86.200,58.700,8.143,22,9.804,276.500,658,54,0,0,5,3.800,5,0,0,0,0,4,0.009,2.144,79.900,56,122,34.750,82.400,93.600,81.800,0.142,0.083,59.792,75.625,23.300,43.946,68.610,1,0,0,0,0
before,REST_QUALITY,,,14,2,legacy,deb00357-6dce-4df5-9611-15c15ecc4b4b,194,TECHNICALLY_VALID_UNVERIFIED_RULES,81.500,84,77.700,76.200,79.700,76.800,100,86.200,58.600,8.286,22,9.881,275.250,658,56,0,0,5,3.800,5,0,0,0,0,4,0.009,2.144,79.700,56,120,34.750,82.400,93.600,81.800,0.142,0.083,56.458,76.406,23.100,44.843,67.713,1,0,0,0,0
before,REST_QUALITY,,,14,3,legacy,1fd85b82-618b-42a7-b334-2626121144e3,194,TECHNICALLY_VALID_UNVERIFIED_RULES,81.900,84.300,77.800,76.300,79.700,78.200,100,86.200,60.200,8.286,22,9.881,271.313,644,55,0,0,5,3.800,5,0,0,0,0,4,0.009,2.144,80,61,122,31.750,82.400,93.600,81.800,0.142,0.083,54.583,76.406,23.400,44.843,70.404,1,0,0,0,0
before,REST_QUALITY,,,15,1,legacy,607b78b1-4bd8-438b-ad61-8b3775d05ad5,193.800,TECHNICALLY_VALID_UNVERIFIED_RULES,82.500,85,79,76,80.200,81.500,100,86.900,59.800,8.286,22,9.881,279.781,697,55,0,0,5,3.800,5,0,0,0,0,2,0.009,2.144,80.500,73,121,49.450,84.300,93.600,81.800,0.118,0.083,59.375,79.948,23.400,41.256,72.197,1,0,0,0,0
before,REST_QUALITY,,,15,2,legacy,875b6f22-35a0-40f4-949d-90478d6f8681,193.800,TECHNICALLY_VALID_UNVERIFIED_RULES,82.400,84.700,79.600,75.900,80.200,80,100,86.900,61.100,8.286,22,9.881,287.719,697,55,0,0,5,3.800,5,0,0,0,0,2,0.009,2.144,80.100,68,121,49.633,84.300,93.600,81.800,0.118,0.083,63.636,77.917,23.600,43.049,73.094,1,0,0,0,0
before,REST_QUALITY,,,15,3,legacy,ff01c965-3864-4aec-92fd-a1c3d2fc7ebd,193.800,TECHNICALLY_VALID_UNVERIFIED_RULES,82.500,84.800,79.600,76.100,80.200,80.300,100,86.900,61.300,8.286,22,9.881,281.688,720,52,0,0,5,3.800,5,0,0,0,0,2,0.009,2.144,80.600,68,128,49.450,84.300,93.600,81.800,0.118,0.083,63.636,78.281,23.300,43.498,73.094,1,0,0,0,0
before,FAIR_BURDEN,,,16,1,legacy,e855ca51-3ee2-474a-86dc-c79828a984d0,194.600,TECHNICALLY_VALID_UNVERIFIED_RULES,79,81,76.100,76.700,77.100,78.200,84.200,90.700,60.800,8.143,21,9.583,272.594,712,55,0,3,3,3.167,5,0,0,0,0,6,0.027,2.065,78.700,64.200,123,46.450,95.100,93.600,81.800,0.039,0.083,59.740,75.625,10.900,43.049,72.646,1,0,0,0,0
before,FAIR_BURDEN,,,16,2,legacy,5470249d-c521-4a87-8995-e329b73fb7a4,194.600,TECHNICALLY_VALID_UNVERIFIED_RULES,79.100,81.200,75.800,76.900,77.100,78.800,84.200,90.700,60,8.143,19,9.403,268.250,698,51,0,3,3,3.167,5,0,0,0,0,6,0.027,2.065,79.700,64.200,101,46.450,95.100,93.600,81.800,0.039,0.083,57,75.833,11.100,43.049,71.300,1,0,0,0,0
before,FAIR_BURDEN,,,16,3,legacy,edad2efb-5ebe-49f3-9b37-983e6c0bf740,194.600,TECHNICALLY_VALID_UNVERIFIED_RULES,79.200,81.100,75.500,76.700,77.100,78.500,84.200,90.700,62.300,8.143,19,9.403,275,698,55,0,3,3,3.167,5,0,0,0,0,6,0.027,2.065,79.100,64.200,126,46.450,95.100,93.600,81.800,0.039,0.083,54.542,76.958,11,44.843,73.991,1,0,0,0,0
before,FAIR_BURDEN,,,17,1,legacy,9914a4e8-f3e7-40de-b747-891b95172d39,286.500,TECHNICALLY_VALID_UNVERIFIED_RULES,78,80.600,72,76.200,78.600,72.500,84.200,92.400,54.600,8.286,25,10.511,283.625,737,54,2,1,4,2.714,5,1,0,1,0,8,0.009,2.144,79.100,45.700,75,30.950,100,93.600,81.800,0,0.083,39.115,75,23,36.323,66.816,1,0,0,0,0
before,FAIR_BURDEN,,,17,2,legacy,b0ec01ea-f3dd-4825-90f7-79288425e55d,286.500,TECHNICALLY_VALID_UNVERIFIED_RULES,77.800,80.300,71.800,76,78.600,70.900,84.200,92.400,55.200,8.286,24,10.498,288.594,737,56,2,1,4,2.714,5,1,0,1,0,8,0.009,2.144,77.200,43.600,75,30.950,100,93.600,81.800,0,0.083,39.115,75,22.600,41.704,64.126,1,0,0,0,0
before,FAIR_BURDEN,,,17,3,legacy,04b8e851-2e72-4e6f-8562-3b634ca8943e,286.500,TECHNICALLY_VALID_UNVERIFIED_RULES,80.400,83.300,77.200,76.200,80,79,94.700,86.200,54.300,8.286,27,10.498,275.969,686,54,0,1,5,3.167,4,0,0,0,0,3,0.009,2.144,78.600,67.500,135,31.750,82.400,93.600,81.800,0.142,0.083,59.375,80.729,27.600,36.771,65.919,1,0,0,0,0
before,FAIR_BURDEN,,,18,1,legacy,cfe18c29-75f1-4723-8ccd-7c7ccd64a7d9,255.600,TECHNICALLY_VALID_UNVERIFIED_RULES,83.300,84.900,79.700,75.800,81.100,80.800,100,86.200,68.900,8.143,19,9.403,284.594,613,57,0,0,4,4.750,6,0,0,0,0,1,0.004,2.165,77.900,76.300,122,54.317,82.400,93.600,81.800,0.142,0.083,59.375,76.927,22.900,49.776,81.614,1,0,0,0,0
before,FAIR_BURDEN,,,18,2,legacy,fe70c8e0-0cf2-4590-9ce0-45890600ce37,255.600,TECHNICALLY_VALID_UNVERIFIED_RULES,80.600,83,73.800,76.500,78.100,74.800,94.700,90.700,59.400,8.143,20,9.418,278.844,783,55,0,1,4,3.800,5,1,0,0,0,6,0.018,2.104,78.600,56,19,12.317,95.100,93.600,81.800,0.039,0.083,41.302,80.156,11.400,38.117,73.543,1,0,0,0,0
before,FAIR_BURDEN,,,18,3,legacy,e8e42cc1-4b3b-4bfa-9fa8-53547a07023f,255.600,TECHNICALLY_VALID_UNVERIFIED_RULES,80.600,82.800,74.300,76.200,78.100,74.100,94.700,90.700,60.800,8.286,20,9.572,276.625,737,56,0,1,4,3.800,5,1,0,0,0,6,0.018,2.104,78.600,53,19,12.317,95.100,93.600,81.800,0.039,0.083,42.344,79.417,11.200,40.359,74.439,1,0,0,0,0
before,FAIR_BURDEN,,,19,1,legacy,5c16880a-3f1c-47c2-afc0-0146a68877ca,255.500,TECHNICALLY_VALID_UNVERIFIED_RULES,81.200,83.500,78.600,76.400,80.200,82.900,94.700,82.900,60.900,8.286,21,9.691,268,697,57,0,1,5,3.167,4,0,0,0,0,2,0.009,2.144,78,84.200,122,49.450,82.400,84.300,81.800,0.142,0.333,63.636,79.844,26.900,45.291,71.300,1,0,0,0,0
before,FAIR_BURDEN,,,19,2,legacy,74c37758-e243-4176-a5a6-7c6785cfff89,255.500,TECHNICALLY_VALID_UNVERIFIED_RULES,79.500,82,72.800,76.500,77.300,76.800,89.500,90.700,57,8.286,21,9.632,268.406,622,52,0,2,4,3.167,5,1,0,0,0,7,0.022,2.084,79.800,60.800,68,13.133,95.100,93.600,81.800,0.039,0.083,41.250,80.156,13.900,39.462,68.610,1,0,0,0,0
before,FAIR_BURDEN,,,19,3,legacy,68a211db-3ef3-4b14-9898-27fb43af6b17,255.500,TECHNICALLY_VALID_UNVERIFIED_RULES,79.600,82.100,72.900,76.800,77.300,77.100,89.500,90.700,57.300,8.143,21,9.508,266.281,624,52,0,2,4,3.167,5,1,0,0,0,7,0.022,2.084,80.300,60.800,68,13.133,95.100,93.600,81.800,0.039,0.083,41.250,80.156,13.900,40.359,68.610,1,0,0,0,0
before,FAIR_BURDEN,,,20,1,legacy,7821b02d-584f-4a69-a8f4-ac510885f030,224.700,TECHNICALLY_VALID_UNVERIFIED_RULES,80.900,83.700,77.700,76.200,79.200,82.300,94.700,86.200,56.100,8.286,22,9.881,276.469,663,51,0,1,5,3.167,4,0,0,0,0,4,0.013,2.124,78.800,80,130,46.450,82.400,93.600,81.800,0.142,0.083,59.375,78.750,24.100,39.910,66.816,1,0,0,0,0
before,FAIR_BURDEN,,,20,2,legacy,3742e4bc-3e86-471f-8d0b-7d565f5fd43c,224.700,TECHNICALLY_VALID_UNVERIFIED_RULES,80.900,83.600,77.600,76.200,79.200,82.200,94.700,86.200,56.200,8.286,22,9.881,276.313,665,53,0,1,5,3.167,4,0,0,0,0,4,0.013,2.124,78.700,80,129,46.450,82.400,93.600,81.800,0.142,0.083,59.063,78.750,24.100,40.359,66.816,1,0,0,0,0
before,FAIR_BURDEN,,,20,3,legacy,c1b71e5b-277d-465c-b70e-87af29e6b5f5,224.700,TECHNICALLY_VALID_UNVERIFIED_RULES,80.900,83.700,77.700,76.400,79.200,82.300,94.700,86.200,56.200,8.286,22,9.881,273.531,665,54,0,1,5,3.167,4,0,0,0,0,4,0.013,2.124,78.800,80,129,46.450,82.400,93.600,81.800,0.142,0.083,59.375,78.854,23.900,40.359,66.816,1,0,0,0,0
before,REPRODUCE,,,21,1,legacy,02a13b2f-3657-4007-ba02-c89430546611,4.300,TECHNICALLY_VALID_UNVERIFIED_RULES,80.700,78.600,64.900,70.300,75.700,76.700,100,66.900,100,12.714,48,15.201,291.125,737,56,0,0,4,4.750,6,2,0,2,0,13,0.022,2.084,73,82.500,29,55.950,73.300,48.200,81.800,0.208,0.867,15.625,75,0,100,100,1,0,0,0,0
after,BALANCED,NORMAL,,1,1,adaptive,8203ee1e-bd39-4b2f-be53-497380173b7c,278.400,TECHNICALLY_VALID_UNVERIFIED_RULES,82.700,85.600,79.800,77.700,81.100,86,100,82.400,57,8.143,43,14.798,248.625,712,49,0,0,5,3.800,5,0,0,0,0,1,0.004,2.165,84.500,81,62,47.783,71.700,93.600,81.800,0.236,0.083,63.636,83.229,27.800,40.807,67.713,1,0,0,0,0
after,BALANCED,NORMAL,,1,2,adaptive,a72cf422-7745-4812-8bf2-96aceb14e10f,278.400,TECHNICALLY_VALID_UNVERIFIED_RULES,82.400,85.200,79.600,77.300,81.100,84.600,100,82.400,56.800,8.143,40,13.527,257.438,712,54,0,0,5,3.800,5,0,0,0,0,1,0.004,2.165,82.200,81,58,47.783,71.700,93.600,81.800,0.236,0.083,63.636,83.229,27.500,40.359,67.713,1,0,0,0,0
after,BALANCED,NORMAL,,1,3,adaptive,2b2c9b8c-6d51-4eb9-abff-206a478f3c67,278.400,TECHNICALLY_VALID_UNVERIFIED_RULES,82.200,85.100,79.500,77.100,81.100,84.200,100,82.400,56.400,8.143,27,10.077,263.344,713,52,0,0,5,3.800,5,0,0,0,0,1,0.004,2.165,81.500,81,58,47.717,71.700,93.600,81.800,0.236,0.083,63.636,81.042,27.300,39.462,67.713,1,0,0,0,0
after,BALANCED,NORMAL,,2,1,adaptive,923c0cfc-7a61-4d8f-87c1-cd106cbbff13,274.600,TECHNICALLY_VALID_UNVERIFIED_RULES,82.500,85.200,79.700,76.900,81.600,83.900,100,82.400,58.500,8.143,35,12.088,268.094,644,51,0,0,5,3.800,5,0,0,0,0,1,0,2.186,83.100,76,18,46.450,71.700,93.600,81.800,0.236,0.083,63.636,81.875,31,38.565,71.749,1,0,0,0,0
after,BALANCED,NORMAL,,2,2,adaptive,fd185dca-290e-4b67-9a75-892e3bd27d73,274.600,TECHNICALLY_VALID_UNVERIFIED_RULES,81.500,84.300,78.800,77.100,79.200,85.100,94.700,86.200,56,8.143,40,13.527,260.219,680,53,0,1,5,3.167,4,0,0,0,0,4,0.013,2.124,81.700,84.200,106,49.133,82.400,93.600,81.800,0.142,0.083,63.636,78.542,24.700,36.323,69.058,1,0,0,0,0
after,BALANCED,NORMAL,,2,3,adaptive,8a3f24a7-65d0-4294-b8cf-840a713c0510,274.600,TECHNICALLY_VALID_UNVERIFIED_RULES,81.500,84.200,78.600,76.800,80,83.800,100,79.300,57.100,8.143,23,9.643,268.281,762,50,0,0,5,3.800,5,0,0,0,0,3,0.009,2.144,80.900,81,76,46.950,65.900,90.500,81.800,0.275,0.167,62.083,78.333,23.300,38.565,69.507,1,0,0,0,0
after,BALANCED,NORMAL,,3,1,adaptive,4e8b3826-6400-49f9-b636-1c02ed0e551a,277.800,TECHNICALLY_VALID_UNVERIFIED_RULES,82.700,85.400,79.800,77,81.100,85.700,100,82.400,58.600,8.143,36,12.900,265.594,619,49,0,0,5,3.800,5,0,0,0,0,1,0.004,2.165,84.100,81,90,49.133,71.700,93.600,81.800,0.236,0.083,63.636,78.229,27.800,42.152,69.507,1,0,0,0,0
after,BALANCED,NORMAL,,3,2,adaptive,729c0216-0e02-400b-b629-ba182a4fbbec,277.800,TECHNICALLY_VALID_UNVERIFIED_RULES,82.500,85.100,79.700,76.500,81.100,84.700,100,82.400,59.300,8.143,28,11.679,276.625,644,54,0,0,5,3.800,5,0,0,0,0,1,0.004,2.165,82.400,81,90,49.133,71.700,93.600,81.800,0.236,0.083,63.636,76.875,27.400,43.946,69.507,1,0,0,0,0
after,BALANCED,NORMAL,,3,3,adaptive,3587e2eb-f46f-42f4-aaab-3535cbb27ceb,277.800,TECHNICALLY_VALID_UNVERIFIED_RULES,81.800,84.400,79,76.900,80.200,84.600,94.700,86.200,57.700,8.143,20,9.418,268.469,712,50,0,1,5,3.167,4,0,0,0,0,2,0.009,2.144,82.700,80,90,46.450,82.400,93.600,81.800,0.142,0.083,63.636,82.135,28.500,37.220,71.300,1,0,0,0,0
after,BALANCED,NORMAL,,4,1,adaptive,8977275f-0fb3-4e2c-b851-fc08708e0e01,282.500,TECHNICALLY_VALID_UNVERIFIED_RULES,83,85.200,80.100,76.600,80.200,86.700,100,82.400,62.600,8.143,24,10.162,268.031,644,52,0,0,5,3.800,4,0,0,0,0,2,0.009,2.144,81.600,91,120,58.150,71.700,93.600,81.800,0.236,0.083,63.594,79.792,28.500,43.498,75.336,1,0,0,0,0
after,BALANCED,NORMAL,,4,2,adaptive,3967f568-9fbf-4ada-bb5f-e2fcf9e53367,282.500,TECHNICALLY_VALID_UNVERIFIED_RULES,82.900,85.200,80,76.500,79.400,87.400,100,82.400,62.600,8.143,30,10.736,275.406,687,54,0,0,5,3.800,4,0,0,0,0,3,0.013,2.124,82.700,91,120,58.150,71.700,93.600,81.800,0.236,0.083,63.636,76.146,25.100,42.152,76.233,1,0,0,0,0
after,BALANCED,NORMAL,,4,3,adaptive,2ad57ba3-cabd-4b6f-8e2d-3fc8c997fc90,282.500,TECHNICALLY_VALID_UNVERIFIED_RULES,81.300,83.600,78.600,77.100,78.600,81.400,94.700,86.200,60.400,8.143,37,13.453,260.406,658,56,0,1,4,3.800,6,0,0,0,0,4,0.018,2.104,83.600,65,121,46.450,82.400,93.600,81.800,0.142,0.083,63.636,78.750,16.200,39.910,73.991,1,0,0,0,0
after,BALANCED,NORMAL,,5,1,adaptive,ce12802b-5e37-4de5-8156-d7da9edd0abf,274.100,TECHNICALLY_VALID_UNVERIFIED_RULES,83.100,85.600,80.100,76.700,79.700,81,100,90.700,60.500,8.143,26,10.120,268.563,596,52,0,0,4,4.750,5,0,0,0,0,4,0.009,2.144,83.400,63.700,103,29.783,95.100,93.600,81.800,0.039,0.083,63.208,77.031,18.100,40.359,73.991,1,0,0,0,0
after,BALANCED,NORMAL,,5,2,adaptive,abe9a534-1360-4dbd-8bdc-f1a278ae140e,274.100,TECHNICALLY_VALID_UNVERIFIED_RULES,81.500,84.400,78.800,77.400,79.200,85.300,94.700,86.200,55.100,8.143,42,14.227,253.344,646,52,0,1,5,3.167,4,0,0,0,0,4,0.013,2.124,83.800,80,66,46.950,82.400,93.600,81.800,0.142,0.083,63.636,81.042,25.500,36.771,67.265,1,0,0,0,0
after,BALANCED,NORMAL,,5,3,adaptive,f024ad74-a7c4-4afa-be90-0f75a4abec0a,274.100,TECHNICALLY_VALID_UNVERIFIED_RULES,82.400,84.900,79.600,76.200,79.700,77.600,100,90.700,59.600,8.714,31,10.872,267.688,651,50,0,0,4,4.750,5,0,0,0,0,4,0.009,2.144,83.100,51.200,131,29.783,95.100,93.600,81.800,0.039,0.083,63.636,76.333,18.400,40.807,72.197,1,0,0,0,0
after,BALANCED,NORMAL,,6,1,adaptive,37c86c91-b09a-4c79-8749-af398d5d410d,282,TECHNICALLY_VALID_UNVERIFIED_RULES,81.700,84.400,79,76.600,79.400,85.800,94.700,86.200,57.800,8.286,34,12.103,267.906,613,54,0,1,5,3.167,4,0,0,0,0,3,0.013,2.124,83,84.200,130,49.133,82.400,93.600,81.800,0.142,0.083,63.636,80.104,25.500,39.462,69.955,1,0,0,0,0
after,BALANCED,NORMAL,,6,2,adaptive,6d80fab3-57fa-4f4b-a82a-0e44c51eb124,282,TECHNICALLY_VALID_UNVERIFIED_RULES,80.600,82.900,78.100,77.700,77.800,80.200,89.500,90.700,60.200,8.143,33,11.969,249.500,642,49,0,2,4,3.167,5,0,0,0,0,5,0.022,2.084,81.900,64.200,72,46.450,95.100,93.600,81.800,0.039,0.083,63.636,79.063,13.600,42.152,72.197,1,0,0,0,0
after,BALANCED,NORMAL,,6,3,adaptive,411a5dd3-9927-4295-9ef5-1716a5fa9b1f,282,TECHNICALLY_VALID_UNVERIFIED_RULES,81.900,84.300,77.600,77,79.400,77.300,100,86.600,60.400,8.143,39,13.239,258.500,627,54,0,0,4,4.750,6,1,0,0,0,5,0.009,2.144,82.100,57.500,71,24.217,83.700,93.600,81.800,0.136,0.083,53.542,80,14,37.220,75.785,1,0,0,0,0
after,BALANCED,NORMAL,,7,1,adaptive,a4e38b44-472a-4833-8d42-08f0394119fa,285.600,TECHNICALLY_VALID_UNVERIFIED_RULES,82.400,85.300,79.600,76.700,81.100,86,100,82.400,55.900,8.286,34,11.841,273.906,669,52,0,0,5,3.800,5,0,0,0,0,1,0.004,2.165,84.500,81,76,46.450,71.700,93.600,81.800,0.236,0.083,63.636,79.583,28.100,39.462,66.816,1,0,0,0,0
after,BALANCED,NORMAL,,7,2,adaptive,257186b7-0732-4df3-88dd-b03232553f1b,285.600,TECHNICALLY_VALID_UNVERIFIED_RULES,82,85.100,79.200,76.800,80.800,84.500,100,82.400,54.300,8.143,38,12.922,267.719,665,56,0,0,5,3.800,5,0,0,0,0,2,0.004,2.165,82.100,81,76,46.450,71.700,93.600,81.800,0.236,0.083,63.636,77.135,27.400,38.117,65.022,1,0,0,0,0
after,BALANCED,NORMAL,,7,3,adaptive,da89d042-a6e8-40c3-8ec7-4b6ee970a73c,285.600,TECHNICALLY_VALID_UNVERIFIED_RULES,79.900,83,77.500,77,78.600,83.500,89.500,87.700,52.500,8.286,36,12.197,258,645,50,1,1,5,2.714,4,0,0,0,0,4,0.018,2.104,81.400,78.600,67,46.033,89.900,90.500,81.800,0.079,0.167,63.375,75.260,21.600,34.978,64.126,1,0,0,0,0
after,BALANCED,NORMAL,,8,1,adaptive,d3fae2b8-fc01-4dbf-8d6e-d60d2de294a7,289.300,TECHNICALLY_VALID_UNVERIFIED_RULES,82.400,85.200,79.600,77.400,80.800,84.700,100,82.400,56.800,8.143,42,14.045,263.563,676,48,0,0,5,3.800,5,0,0,0,0,2,0.004,2.165,84.500,76,90,47.633,71.700,93.600,81.800,0.236,0.083,63.636,81.875,27.700,39.013,68.610,1,0,0,0,0
after,BALANCED,NORMAL,,8,2,adaptive,4b5bab6d-671a-4edc-8c1c-842f6f5bb261,289.300,TECHNICALLY_VALID_UNVERIFIED_RULES,82,85,79.300,76.800,81.100,83.800,100,82.400,55.300,8.286,24,9.572,272.688,676,49,0,0,5,3.800,5,0,0,0,0,1,0.004,2.165,83,76,90,47.633,71.700,93.600,81.800,0.236,0.083,63.636,81.875,27.800,39.462,65.919,1,0,0,0,0
after,BALANCED,NORMAL,,8,3,adaptive,968eb447-35cc-4601-85a5-994e8403efbe,289.300,TECHNICALLY_VALID_UNVERIFIED_RULES,81.800,84.800,78.500,76.700,81.900,81.900,100,82.400,54.900,8.143,38,13.485,271.438,678,51,0,0,5,3.800,5,0,0,0,0,0,0,2.186,79.800,76,83,46.950,71.700,93.600,81.800,0.236,0.083,59.375,86.563,29.900,37.668,66.368,1,0,0,0,0
after,BALANCED,NORMAL,,9,1,adaptive,86e5f699-4cad-466f-acd4-2340aee32271,271.900,TECHNICALLY_VALID_UNVERIFIED_RULES,83.500,85.500,80.500,77.200,80.200,83.400,100,86.200,65.600,8.143,34,13.206,256.094,627,51,0,0,4,4.750,6,0,0,0,0,2,0.009,2.144,82.100,76.300,75,46.450,82.400,93.600,81.800,0.142,0.083,63.636,81.667,21.100,44.843,79.372,1,0,0,0,0
after,BALANCED,NORMAL,,9,2,adaptive,d8d70a53-832e-433a-945a-ca17c394c857,271.900,TECHNICALLY_VALID_UNVERIFIED_RULES,82.500,84.600,79.600,76.700,81.300,77.200,100,86.600,62.800,8.286,32,11.535,263.094,622,54,0,0,4,4.750,6,0,0,0,0,2,0,2.186,82.300,51.200,27,29.783,83.700,93.600,81.800,0.136,0.083,63.636,83.125,20.900,43.946,75.336,1,0,0,0,0
after,BALANCED,NORMAL,,9,3,adaptive,0db0698f-c2bb-411e-aeb5-751add728ba8,271.900,TECHNICALLY_VALID_UNVERIFIED_RULES,83.300,85.200,80.300,76.500,80.200,82.900,100,86.200,65.600,8.143,28,10.371,271.906,627,58,0,0,4,4.750,6,0,0,0,0,2,0.009,2.144,81.300,76.300,120,46.450,82.400,93.600,81.800,0.142,0.083,63.636,80.521,20.700,44.843,79.372,1,0,0,0,0
after,BALANCED,NORMAL,,10,1,adaptive,cd9b7ba4-2bf7-4375-b500-cf8c3445776c,272.100,TECHNICALLY_VALID_UNVERIFIED_RULES,81.800,84.200,79.100,77.100,80.800,79.100,100,82.400,60.100,8.143,37,12.922,257.781,711,51,0,0,5,3.800,5,0,0,0,0,2,0.004,2.165,83.600,56,114,30.250,71.700,93.600,81.800,0.236,0.083,63.636,80.781,28,39.910,73.543,1,0,0,0,0
after,BALANCED,NORMAL,,10,2,adaptive,8c1e2e29-8e58-4425-a337-6bc02b5c572f,272.100,TECHNICALLY_VALID_UNVERIFIED_RULES,81.500,83.900,78.800,76.700,80.800,78.700,100,81.300,60.300,8.286,34,12.267,263.531,711,53,0,0,5,3.800,5,0,0,0,0,2,0.004,2.165,82.800,56,98,30.250,71.700,90.500,81.800,0.236,0.167,63.636,79.219,27.600,41.704,72.646,1,0,0,0,0
after,BALANCED,NORMAL,,10,3,adaptive,3cc5870f-defd-43a5-9501-20053098a6f0,272.100,TECHNICALLY_VALID_UNVERIFIED_RULES,81.200,83.400,78.600,77.100,80,78.500,100,79.300,61.800,8.143,27,11.432,259.094,605,52,0,0,5,3.800,5,0,0,0,0,3,0.009,2.144,82.500,56,84,30.250,65.900,90.500,81.800,0.275,0.167,63.636,80.469,24,43.498,73.991,1,0,0,0,0
after,REST_QUALITY,NORMAL,,11,1,adaptive,c3bc8434-b8f6-4a5f-9aff-74988e6c001e,276.800,TECHNICALLY_VALID_UNVERIFIED_RULES,83.300,85.200,80.300,76.400,81.600,84.600,100,83,65.500,8.429,41,13.699,271.719,742,53,0,0,4,4.750,6,0,0,0,0,1,0,2.186,84.200,76.300,115,46.450,73.300,93.600,81.800,0.208,0.083,63.636,84.635,21.800,43.946,79.821,1,0,0,0,0
after,REST_QUALITY,NORMAL,,11,2,adaptive,9f83ec89-7192-4ebe-8f6e-33ddb6d57e2d,276.800,TECHNICALLY_VALID_UNVERIFIED_RULES,83.100,85.100,80.200,76.700,81.600,83.400,100,83,65.100,8.286,29,10.859,268.938,745,54,0,0,4,4.750,6,0,0,0,0,1,0,2.186,82.100,76.300,115,46.450,73.300,93.600,81.800,0.208,0.083,63.636,83.125,20.800,45.740,78.027,1,0,0,0,0
after,REST_QUALITY,NORMAL,,11,3,adaptive,ae52bca4-f6b2-445f-b8db-42e988fdd479,276.800,TECHNICALLY_VALID_UNVERIFIED_RULES,82.800,84.900,79.900,76.800,81.600,81.900,100,83,64.200,8.143,41,13.953,269.125,745,51,0,0,4,4.750,6,0,0,0,0,1,0,2.186,82.400,70,120,46.450,73.300,93.600,81.800,0.208,0.083,63.636,83.229,20.800,40.807,79.821,1,0,0,0,0
after,REST_QUALITY,NORMAL,,12,1,adaptive,8b8adb62-8fa2-44c2-a09a-4d4403bd499d,264.300,TECHNICALLY_VALID_UNVERIFIED_RULES,83.300,85.900,80.400,76.700,81.100,89.400,100,82.400,60.300,8.143,24,9.978,270.906,697,54,0,0,5,3.800,5,0,0,0,0,1,0.004,2.165,84.800,94,62,58.867,71.700,93.600,81.800,0.236,0.083,63.636,85.521,27.800,37.668,75.336,1,0,0,0,0
after,REST_QUALITY,NORMAL,,12,2,adaptive,3556c02a-e31e-46d5-9b5d-727ca4897c3c,264.300,TECHNICALLY_VALID_UNVERIFIED_RULES,82.900,85.300,80,76.600,79.400,89.300,100,81.300,60.700,8.143,24,9.978,272.344,687,55,0,0,5,3.800,5,0,0,0,0,3,0.013,2.124,84.600,94,120,58.867,71.700,90.500,81.800,0.236,0.167,63.636,80.469,21.500,40.807,73.991,1,0,0,0,0
after,REST_QUALITY,NORMAL,,12,3,adaptive,fa0ad1a1-e93e-496a-9586-67e753c7810f,264.300,TECHNICALLY_VALID_UNVERIFIED_RULES,82.700,85.100,79.900,76.300,79.400,88.200,100,81.300,61.700,8.143,26,10.120,277.094,638,58,0,0,5,3.800,5,0,0,0,0,3,0.013,2.124,82.800,94,120,58.867,71.700,90.500,81.800,0.236,0.167,63.636,80.542,20.900,43.946,73.543,1,0,0,0,0
after,REST_QUALITY,NORMAL,,13,1,adaptive,18172dd7-ef7a-4de0-aba3-cd23a43e1bd0,276.600,TECHNICALLY_VALID_UNVERIFIED_RULES,82.400,85,79.600,77,80.800,79.900,100,86.600,59,8.286,30,10.753,258.531,645,50,0,0,4,4.750,6,0,0,0,0,2,0.004,2.165,84.100,57.500,120,30.633,83.700,93.600,81.800,0.136,0.083,63.636,84.167,18.200,38.565,72.646,1,0,0,0,0
after,REST_QUALITY,NORMAL,,13,2,adaptive,9596eb35-ef8b-4780-9806-d8c26b0601c3,276.600,TECHNICALLY_VALID_UNVERIFIED_RULES,82.300,84.900,79.500,76.800,80.800,79.200,100,86.600,59.600,8.429,33,11.337,256.625,645,52,0,0,4,4.750,6,0,0,0,0,2,0.004,2.165,83,57.500,120,30.467,83.700,93.600,81.800,0.136,0.083,63.636,83.646,17.600,39.910,72.646,1,0,0,0,0
after,REST_QUALITY,NORMAL,,13,3,adaptive,184a3ff6-683b-44f5-9d5a-0bd003151fc1,276.600,TECHNICALLY_VALID_UNVERIFIED_RULES,82.100,84.700,79.400,77.500,80.800,77,100,86.600,59.300,8.143,30,11.243,246.719,612,51,0,0,4,4.750,6,0,0,0,0,2,0.004,2.165,82,51.200,75,30.100,83.700,93.600,81.800,0.136,0.083,63.636,84.635,17.700,38.565,73.094,1,0,0,0,0
after,REST_QUALITY,NORMAL,,14,1,adaptive,b9551695-c18f-43bc-afe1-730da404c58d,271.900,TECHNICALLY_VALID_UNVERIFIED_RULES,82.600,84.800,79.700,77.100,81.900,84.700,94.700,86.200,62.200,8.143,40,13.737,264,629,49,1,0,4,3.800,6,0,0,0,0,0,0,2.186,83.600,78,123,49.633,82.400,93.600,81.800,0.142,0.083,63.636,81.615,25.700,41.704,75.785,1,0,0,0,0
after,REST_QUALITY,NORMAL,,14,2,adaptive,8f141442-f925-43b8-8ec1-9d74689eab14,271.900,TECHNICALLY_VALID_UNVERIFIED_RULES,82.100,84.700,79.300,76.200,81.900,84.800,94.700,86.200,59.100,8.286,31,10.819,273.219,613,56,1,0,4,3.800,6,0,0,0,0,0,0,2.186,83.800,78,123,47.717,82.400,93.600,81.800,0.142,0.083,63.636,80.625,26.400,39.462,72.197,1,0,0,0,0
after,REST_QUALITY,NORMAL,,14,3,adaptive,7b39f8d3-4fe6-4515-8416-f0afb7dadb64,271.900,TECHNICALLY_VALID_UNVERIFIED_RULES,81.500,84.200,78.800,76.800,80.800,79.500,100,82.400,56.900,8.143,36,12.744,263.094,683,55,0,0,5,3.800,5,0,0,0,0,2,0.004,2.165,84.200,56,115,27.750,71.700,93.600,81.800,0.236,0.083,63.636,83.594,28.500,37.220,69.955,1,0,0,0,0
after,REST_QUALITY,NORMAL,,15,1,adaptive,f053e77d-a785-4e1a-ab6c-77b492d13847,286.900,TECHNICALLY_VALID_UNVERIFIED_RULES,82.700,85.500,79.900,77.300,80.800,82.500,100,86.200,58.200,8.143,38,13.653,257.375,639,53,0,0,5,3.800,5,0,0,0,0,2,0.004,2.165,85,66,105,30.250,82.400,93.600,81.800,0.142,0.083,63.636,87.865,27.900,38.565,71.300,1,0,0,0,0
after,REST_QUALITY,NORMAL,,15,2,adaptive,d427f228-79dd-4146-b32b-b1f2564e223d,286.900,TECHNICALLY_VALID_UNVERIFIED_RULES,82.600,85,79.700,76.900,80.800,80.400,100,86.200,60.400,8.143,41,14.505,269.281,672,55,0,0,5,3.800,5,0,0,0,0,2,0.004,2.165,81.500,66,106,30.250,82.400,93.600,81.800,0.142,0.083,63.636,80.833,27.400,45.291,70.404,1,0,0,0,0
after,REST_QUALITY,NORMAL,,15,3,adaptive,24c60b76-5b59-4208-b194-aeb48ce4fa4d,286.900,TECHNICALLY_VALID_UNVERIFIED_RULES,82.600,85,79.700,77,79.700,77.200,100,90.700,60.600,8.286,37,13.188,255.719,742,55,0,0,4,4.750,5,0,0,0,0,4,0.009,2.144,82.200,51.200,131,29.783,95.100,93.600,81.800,0.039,0.083,63.208,81.250,17.500,41.256,73.543,1,0,0,0,0
after,FAIR_BURDEN,NORMAL,,16,1,adaptive,c6dfcb07-3194-40b9-9451-8a3dfe6f7be7,271.100,TECHNICALLY_VALID_UNVERIFIED_RULES,81.500,84.600,78.800,77.200,79.200,86.400,94.700,86.200,54,8.286,26,10.124,255.375,698,48,0,1,5,3.167,4,0,0,0,0,4,0.013,2.124,83.900,84.200,85,49.650,82.400,93.600,81.800,0.142,0.083,63.636,79.844,25.300,35.426,66.368,1,0,0,0,0
after,FAIR_BURDEN,NORMAL,,16,2,adaptive,237c2515-aee5-4c3c-b942-a87d03d1776e,271.100,TECHNICALLY_VALID_UNVERIFIED_RULES,81.400,84.400,78.700,77.100,79.200,85.500,94.700,86.200,54.200,8.143,22,9.687,261.656,712,52,0,1,5,3.167,4,0,0,0,0,4,0.013,2.124,82.400,84.200,74,49.133,82.400,93.600,81.800,0.142,0.083,63.636,78,24.700,35.874,66.368,1,0,0,0,0
after,FAIR_BURDEN,NORMAL,,16,3,adaptive,2ee5ce95-c9c8-484d-8a95-e2de19efb8e7,271.100,TECHNICALLY_VALID_UNVERIFIED_RULES,80.900,83.500,77.300,76.900,78.600,83.400,89.500,90.700,57.600,8.286,40,13.371,257.969,626,52,2,0,4,3.167,5,0,0,0,0,4,0.018,2.104,82.800,75,87,47.633,95.100,93.600,81.800,0.039,0.083,56.771,82.552,12.700,37.668,70.852,1,0,0,0,0
after,FAIR_BURDEN,NORMAL,,17,1,adaptive,ce804709-150c-47c4-b8b6-4a30361104a7,271.300,TECHNICALLY_VALID_UNVERIFIED_RULES,82.300,84.900,79.500,76.800,80.800,80,100,86.200,58.400,8.143,31,11.544,268,640,54,0,0,5,3.800,5,0,0,0,0,2,0.004,2.165,82.900,61,130,31.750,82.400,93.600,81.800,0.142,0.083,63.636,80.729,28,40.359,70.404,1,0,0,0,0
after,FAIR_BURDEN,NORMAL,,17,2,adaptive,44dd3950-0aa9-4c23-9dc7-d03d766af70b,271.300,TECHNICALLY_VALID_UNVERIFIED_RULES,82.100,84.900,79.300,77,80.800,79.600,100,86.200,56.800,8.143,20,9.448,261.875,599,53,0,0,5,3.800,5,0,0,0,0,2,0.004,2.165,82.200,61,74,30.250,82.400,93.600,81.800,0.142,0.083,63.636,79.688,27.700,37.668,69.507,1,0,0,0,0
after,FAIR_BURDEN,NORMAL,,17,3,adaptive,8900a11e-5e85-4531-af34-00ddbd2e673e,271.300,TECHNICALLY_VALID_UNVERIFIED_RULES,82.300,85,78,76.800,79.400,77.700,100,90.700,58.300,8.143,24,10.162,264.469,618,54,0,0,4,4.750,5,1,0,0,0,5,0.009,2.144,82.800,57.500,120,22.450,95.100,93.600,81.800,0.039,0.083,53.125,83.750,17.800,36.771,72.646,1,0,0,0,0
after,FAIR_BURDEN,NORMAL,,18,1,adaptive,d415a70b-ee26-410b-a487-119c3c3ed657,271.800,TECHNICALLY_VALID_UNVERIFIED_RULES,84.200,86.100,81.600,76.700,81.900,86,100,86.200,67.100,8.286,22,9.422,260.188,630,52,0,0,4,4.750,6,0,0,0,0,0,0,2.186,81.300,88.800,87,58.450,82.400,93.600,81.800,0.142,0.083,66.591,80.313,27.400,42.601,83.408,1,0,0,0,0
after,FAIR_BURDEN,NORMAL,,18,2,adaptive,c6bf6c77-fd41-4d00-948f-9f8638071799,271.800,TECHNICALLY_VALID_UNVERIFIED_RULES,84.200,85.800,81.100,76.700,81.900,83.600,100,86.200,69.800,8.143,33,11.532,267.656,646,52,0,0,4,4.750,6,0,0,0,0,0,0,2.186,80,82.500,20,55.950,82.400,93.600,81.800,0.142,0.083,63.636,80.885,27.100,47.982,84.305,1,0,0,0,0
after,FAIR_BURDEN,NORMAL,,18,3,adaptive,dae8551a-26f1-48ad-ae91-bbf3e7591ca2,271.800,TECHNICALLY_VALID_UNVERIFIED_RULES,82.300,85,79.500,77.200,81.100,83.300,100,82.400,57.700,8.286,42,14.250,249.281,619,51,0,0,5,3.800,5,0,0,0,0,1,0.004,2.165,82.200,76,122,47.633,71.700,93.600,81.800,0.236,0.083,63.636,83.125,27.500,37.220,71.300,1,0,0,0,0
after,FAIR_BURDEN,NORMAL,,19,1,adaptive,2f7c979c-3be4-4042-bd3f-06dbf31e6585,273.100,TECHNICALLY_VALID_UNVERIFIED_RULES,82.200,84.400,79.400,76.800,79.400,82.800,94.700,88.800,62.700,8.143,28,11.038,268.250,644,53,0,1,4,3.800,5,0,0,0,0,3,0.013,2.124,81.700,75,120,48,89.900,93.600,81.800,0.079,0.083,63.636,78.802,16.200,44.395,74.888,1,0,0,0,0
after,FAIR_BURDEN,NORMAL,,19,2,adaptive,83b0cc2e-d175-4726-9e65-7b792546c6ad,273.100,TECHNICALLY_VALID_UNVERIFIED_RULES,82.100,84.200,79.300,77.100,79.400,81.500,94.700,88.800,62.900,8.143,28,12.264,258.781,644,53,0,1,4,3.800,5,0,0,0,0,3,0.013,2.124,79.600,75,57,48.933,89.900,93.600,81.800,0.079,0.083,63.636,79.635,15,42.152,76.682,1,0,0,0,0
after,FAIR_BURDEN,NORMAL,,19,3,adaptive,6289a0e6-0043-474f-842e-deb29d4dc911,273.100,TECHNICALLY_VALID_UNVERIFIED_RULES,81.500,83.900,78.800,77.200,80.800,80.300,94.700,86.200,60.100,8.286,27,10.579,246.031,575,52,1,0,4,3.800,6,0,0,0,0,2,0.004,2.165,80.500,68,52,46.950,82.400,93.600,81.800,0.142,0.083,63.636,80.729,21.800,39.910,73.543,1,0,0,0,0
after,FAIR_BURDEN,NORMAL,,20,1,adaptive,9d5deebf-69b4-4cf3-8471-22974b1f910d,285.600,TECHNICALLY_VALID_UNVERIFIED_RULES,82.100,84.400,79.300,77.200,81.100,83.200,94.700,86.200,60.700,8.286,35,11.985,256.594,710,51,1,0,4,3.800,6,0,0,0,0,1,0.004,2.165,81.200,78,45,48.933,82.400,93.600,81.800,0.142,0.083,63.636,79.948,21.500,38.117,75.785,1,0,0,0,0
after,FAIR_BURDEN,NORMAL,,20,2,adaptive,d196a997-6c6e-449c-a999-4249ff8fc9b9,285.600,TECHNICALLY_VALID_UNVERIFIED_RULES,81.900,84.200,79.200,77.300,81.100,81.600,94.700,86.200,61.300,8.143,36,12.334,258.875,710,51,1,0,4,3.800,6,0,0,0,0,1,0.004,2.165,80.700,73,120,48.933,82.400,93.600,81.800,0.142,0.083,63.636,79.427,21.400,39.462,75.785,1,0,0,0,0
after,FAIR_BURDEN,NORMAL,,20,3,adaptive,047eeb88-6aea-4a66-b0b5-1686b01ba3de,285.600,TECHNICALLY_VALID_UNVERIFIED_RULES,81.900,84.200,79.100,77,81.100,81.800,94.700,86.200,61.300,8.143,38,12.789,266.031,762,49,1,0,4,3.800,6,0,0,0,0,1,0.004,2.165,80.900,73,105,49.950,82.400,93.600,81.800,0.142,0.083,63.636,79.948,21.400,39.462,75.785,1,0,0,0,0
after,REPRODUCE,,,21,1,legacy,0c9dee45-9bc3-47a7-97ce-46b9512b0d53,4.100,TECHNICALLY_VALID_UNVERIFIED_RULES,80.700,78.600,64.900,70.300,75.700,76.700,100,66.900,100,12.714,48,15.201,291.125,737,56,0,0,4,4.750,6,2,0,2,0,13,0.022,2.084,73,82.500,29,55.950,73.300,48.200,81.800,0.208,0.867,15.625,75,0,100,100,1,0,0,0,0
budget,BALANCED,FAST,,1,1,adaptive,5f4b12b5-3913-4b2b-9303-b59cb6e569d3,110.600,TECHNICALLY_VALID_UNVERIFIED_RULES,82.200,84.800,79.400,76.900,79.700,76.300,100,90.700,58.100,8.143,28,10.453,262.938,713,50,0,0,4,4.750,5,0,0,0,0,4,0.009,2.144,83.400,45,123,29.783,95.100,93.600,81.800,0.039,0.083,63.636,82.865,18.300,41.704,69.058,1,0,0,0,0
budget,BALANCED,FAST,,1,2,adaptive,4f9ba697-93b1-4676-8d9a-51b0b59addf5,110.600,TECHNICALLY_VALID_UNVERIFIED_RULES,82.100,84.700,79.300,77,79.700,75.300,100,90.700,58.500,8.143,33,11.432,263.750,698,51,0,0,4,4.750,5,0,0,0,0,4,0.009,2.144,81.700,45,122,29.783,95.100,93.600,81.800,0.039,0.083,63.636,82.604,18,42.601,69.058,1,0,0,0,0
budget,BALANCED,FAST,,1,3,adaptive,3bbbafc6-1cc1-47b4-bb4e-ebeac3b84b65,110.600,TECHNICALLY_VALID_UNVERIFIED_RULES,79.900,82.200,77.500,77.300,78.600,79.600,89.500,86.600,58.700,8.143,27,10.077,253.313,646,51,0,2,4,3.167,6,0,0,0,0,4,0.018,2.104,81,64.200,54,46.450,83.700,93.600,81.800,0.136,0.083,63.636,79.219,15.800,38.565,72.197,1,0,0,0,0
budget,BALANCED,FAST,,2,1,adaptive,b13a6128-1ccf-4631-ae89-601c23df5e6f,110,TECHNICALLY_VALID_UNVERIFIED_RULES,82.400,84.900,79.500,76.600,81.900,83.700,100,81.300,59.100,8.143,27,10.602,279.531,698,53,0,0,5,3.800,5,0,0,0,0,0,0,2.186,80.700,81,84,48,71.700,90.500,81.800,0.236,0.167,63.636,83.073,29.900,40.807,71.300,1,0,0,0,0
budget,BALANCED,FAST,,2,2,adaptive,9690c9a5-22df-4b16-aa6c-eab424616970,110,TECHNICALLY_VALID_UNVERIFIED_RULES,81.900,84.700,79.200,76.300,81.100,82.900,100,82.400,56.700,8.143,32,11.692,277.969,644,52,0,0,5,3.800,5,0,0,0,0,1,0.004,2.165,81.500,76,79,46.450,71.700,93.600,81.800,0.236,0.083,63.636,80.521,27.300,38.117,69.058,1,0,0,0,0
budget,BALANCED,FAST,,2,3,adaptive,c8ba1ada-76fb-4b29-b60a-da2d3b0823d3,110,TECHNICALLY_VALID_UNVERIFIED_RULES,79.800,82.200,76.700,76.400,77.300,80.100,89.500,88.800,58.400,8.286,30,10.700,270.906,633,52,0,2,4,3.167,5,0,0,0,0,7,0.022,2.084,79,70.800,61,46.783,89.900,93.600,81.800,0.079,0.083,59.271,76.667,12.900,37.668,72.197,1,0,0,0,0
budget,BALANCED,NORMAL,,3,1,adaptive,121bbeab-a87a-40ca-ab15-715b74456800,285.100,TECHNICALLY_VALID_UNVERIFIED_RULES,82.600,85.400,79.700,77.700,80.800,81.500,100,86.200,57.300,8.143,31,12.944,250.406,701,47,0,0,5,3.800,5,0,0,0,0,2,0.004,2.165,83.300,66,10,29.950,82.400,93.600,81.800,0.142,0.083,63.636,84.688,27.600,34.978,72.197,1,0,0,0,0
budget,BALANCED,NORMAL,,3,2,adaptive,71e72fbe-3261-4420-93f9-44d66ec44da5,285.100,TECHNICALLY_VALID_UNVERIFIED_RULES,82.200,84.900,79.400,77,80,81.700,100,85.100,57.600,8.143,33,11.432,262.625,624,53,0,0,5,3.800,5,0,0,0,0,3,0.009,2.144,83.600,66,61,29.950,82.400,90.500,81.800,0.142,0.167,63.636,79.115,23.900,36.323,71.749,1,0,0,0,0
budget,BALANCED,NORMAL,,3,3,adaptive,f7fce49b-64e4-4747-9c72-08ef014baf05,285.100,TECHNICALLY_VALID_UNVERIFIED_RULES,81.900,84.300,79.100,77.400,81.100,81.900,94.700,86.200,60.300,8.143,28,11.716,255.438,619,51,1,0,4,3.800,6,0,0,0,0,1,0.004,2.165,83.200,68,120,46.450,82.400,93.600,81.800,0.142,0.083,63.636,83.385,22.400,39.013,74.439,1,0,0,0,0
budget,BALANCED,NORMAL,,4,1,adaptive,997d05d6-3a0e-487f-a3b0-e09d6877d120,285.800,TECHNICALLY_VALID_UNVERIFIED_RULES,82.900,85.400,80.100,76.900,81.100,81.600,100,86.900,61,8.143,32,11.230,265.375,648,57,0,0,5,3.800,5,0,0,0,0,1,0.004,2.165,82.600,68,61,46.767,84.300,93.600,81.800,0.118,0.083,63.636,83.229,27.300,43.498,72.646,1,0,0,0,0
budget,BALANCED,NORMAL,,4,2,adaptive,00f8bab9-ed99-4ac3-b10f-d7ddf7c41df0,285.800,TECHNICALLY_VALID_UNVERIFIED_RULES,80.700,83.700,78.100,77.600,78.100,79.300,94.700,88.800,53.700,8.286,31,11.029,241.063,629,48,0,1,5,3.167,4,1,0,0,0,6,0.018,2.104,83,63.300,0,12,89.900,93.600,81.800,0.079,0.083,63.636,77.396,22.200,31.390,68.610,1,0,0,0,0
budget,BALANCED,NORMAL,,4,3,adaptive,10fef3dc-6033-4c38-abb4-5567c178b415,285.800,TECHNICALLY_VALID_UNVERIFIED_RULES,82.700,85.300,79.900,76.900,81.100,80.900,100,86.900,60.100,8.143,36,12.403,267.594,663,55,0,0,5,3.800,5,0,0,0,0,1,0.004,2.165,81.400,68,54,47.167,84.300,93.600,81.800,0.118,0.083,63.636,81.719,26.900,41.256,72.646,1,0,0,0,0
budget,BALANCED,DEEP,,5,1,adaptive,5fa6ee35-fd96-4ce6-a225-2ae142be3459,875.400,TECHNICALLY_VALID_UNVERIFIED_RULES,82.400,84.900,79.600,77.100,80,86.200,100,80.300,60.400,8.143,50,17.175,261.938,616,49,0,0,5,3.800,5,0,0,0,0,3,0.009,2.144,84.900,81,106,46.450,65.900,93.600,81.800,0.275,0.083,63.636,81.354,24.400,41.256,73.094,1,0,0,0,0
budget,BALANCED,DEEP,,5,2,adaptive,1766510c-cd60-49e3-80a2-f06f72aeed41,875.400,TECHNICALLY_VALID_UNVERIFIED_RULES,82.400,84.900,79.500,77.200,80,86.200,100,80.300,59.500,8.143,44,15.009,255.094,616,50,0,0,5,3.800,5,0,0,0,0,3,0.009,2.144,84.900,81,106,46.450,65.900,93.600,81.800,0.275,0.083,63.636,80.625,24.400,39.013,73.094,1,0,0,0,0
budget,BALANCED,DEEP,,5,3,adaptive,0d0ef985-929c-4d00-8013-22c6b232271b,875.400,TECHNICALLY_VALID_UNVERIFIED_RULES,82,84.200,79.200,77.300,78.400,82.800,94.700,88.800,61.600,8.143,28,10.288,258.094,673,49,0,1,4,3.800,5,0,0,0,0,5,0.018,2.104,81.700,75,54,48.933,89.900,93.600,81.800,0.079,0.083,63.636,76.875,12.200,43.049,73.991,1,0,0,0,0
budget,BALANCED,DEEP,,6,1,adaptive,6ffea4a4-54b5-4a70-93a0-90cab958a770,768.500,TECHNICALLY_VALID_UNVERIFIED_RULES,82.500,85.300,79.700,77,81.900,84.500,100,82.400,57,8.143,38,12.944,268.438,651,52,0,0,5,3.800,5,0,0,0,0,0,0,2.186,84.100,76,90,46.950,71.700,93.600,81.800,0.236,0.083,63.636,82.656,30.900,38.117,69.507,1,0,0,0,0
budget,BALANCED,DEEP,,6,2,adaptive,88f80055-3332-4e34-a784-d8b6ad3c04b4,768.500,TECHNICALLY_VALID_UNVERIFIED_RULES,82.100,84.200,79.300,77.200,79.400,81.400,94.700,88.800,63,8.143,31,10.934,258.156,663,54,0,1,4,3.800,5,0,0,0,0,3,0.013,2.124,83.500,65,52,46.950,89.900,93.600,81.800,0.079,0.083,63.636,80.365,16.200,43.049,76.233,1,0,0,0,0
budget,BALANCED,DEEP,,6,3,adaptive,46ffabd5-2698-40ad-b877-241676b5c4cb,768.500,TECHNICALLY_VALID_UNVERIFIED_RULES,82.100,84.500,79.300,77.800,79.400,82.200,94.700,88.800,60.600,8.143,28,11.243,244,762,49,0,1,4,3.800,5,0,0,0,0,3,0.013,2.124,82.800,70,98,47.717,89.900,93.600,81.800,0.079,0.083,63.583,81.875,16,41.256,73.543,1,0,0,0,0
budget,BALANCED,EXTENSIVE,,8,1,adaptive,59cf841b-baaf-4ee6-a573-9ecb5f2db15a,1611.800,TECHNICALLY_VALID_UNVERIFIED_RULES,84.400,86.100,81.300,77,81.100,86.700,100,86.200,69,8.143,25,10.842,258.313,651,53,0,0,4,4.750,6,0,0,0,0,1,0.004,2.165,82.500,88.800,90,58.450,82.400,93.600,81.800,0.142,0.083,63.636,80.052,24.500,47.982,82.960,1,0,0,0,0
budget,BALANCED,EXTENSIVE,,8,2,adaptive,990a60cc-1fd2-4344-b941-0870a709581a,1611.800,TECHNICALLY_VALID_UNVERIFIED_RULES,84.300,86.200,81.200,76.800,81.100,87.100,100,86.200,67.900,8.286,39,13.424,259.156,614,52,0,0,4,4.750,6,0,0,0,0,1,0.004,2.165,83.100,88.800,85,58.450,82.400,93.600,81.800,0.142,0.083,63.636,80.208,24.500,45.291,82.960,1,0,0,0,0
budget,BALANCED,EXTENSIVE,,8,3,adaptive,9341c7a7-0aaa-475d-8146-2379880d11b0,1611.800,TECHNICALLY_VALID_UNVERIFIED_RULES,84.300,86.200,81.200,77,81.100,87.100,100,86.200,67.400,8.143,36,12.287,260.750,624,48,0,0,4,4.750,6,0,0,0,0,1,0.004,2.165,83.200,88.800,90,58.450,82.400,93.600,81.800,0.142,0.083,63.636,79.115,24.600,43.946,82.960,1,0,0,0,0
budget,BALANCED,EXTENSIVE,,9,1,adaptive,d1c5fc18-09aa-4e36-8ed0-151fdd7238c7,1760.300,TECHNICALLY_VALID_UNVERIFIED_RULES,83,85.900,80.600,77.900,79.700,81.300,100,90.700,56.900,8.286,36,13.013,233.031,612,48,0,0,4,4.750,5,0,0,0,0,4,0.009,2.144,86.600,57.500,118,29.783,95.100,93.600,81.800,0.039,0.083,66.667,83.385,18.700,30.493,74.439,1,0,0,0,0
budget,BALANCED,EXTENSIVE,,9,2,adaptive,9f5bd400-5dac-49db-a628-35ba5a4fb512,1760.300,TECHNICALLY_VALID_UNVERIFIED_RULES,82.700,85.700,80.300,78,80.800,83.100,100,86.200,56.100,8.143,34,12.541,235.938,612,51,0,0,5,3.800,5,0,0,0,0,2,0.004,2.165,86,66,76,31.750,82.400,93.600,81.800,0.142,0.083,66.742,87.031,28.400,33.184,71.300,1,0,0,0,0
budget,BALANCED,EXTENSIVE,,9,3,adaptive,bf262658-7651-4723-933e-1812189d6c79,1760.300,TECHNICALLY_VALID_UNVERIFIED_RULES,82.400,85.300,80.100,77.600,80.800,81,100,86.200,56.800,8.143,29,11.482,242.500,556,51,0,0,5,3.800,5,0,0,0,0,2,0.004,2.165,84.500,61,76,31.750,82.400,93.600,81.800,0.142,0.083,66.742,86.875,28.400,34.978,71.300,1,0,0,0,0
ablation,BALANCED,NORMAL,no-night-clustering,11,1,adaptive,9a55030f-06ed-4149-bffe-85b5f6308c6a,288,TECHNICALLY_VALID_UNVERIFIED_RULES,80.900,83.500,78.300,76.500,81.900,84,89.500,86.900,56.800,8.429,53,18.220,266.156,742,53,1,1,4,3.167,5,0,0,0,0,0,0,2.186,82.600,77.500,122,46.983,84.300,93.600,81.800,0.118,0.083,63.636,81.771,30.700,36.323,70.404,1,0,0,0,0
ablation,BALANCED,NORMAL,no-night-clustering,11,2,adaptive,6d59a1d8-a227-4b8c-a5a0-3d76d27ceed9,288,TECHNICALLY_VALID_UNVERIFIED_RULES,80.300,82.700,77.800,76.100,81.600,84.200,89.500,82.400,58.500,8.143,26,10.371,283.406,742,53,1,1,4,3.167,5,0,0,0,0,1,0,2.186,80.200,84.200,111,46.983,71.700,93.600,81.800,0.236,0.083,63.636,75.573,29.800,39.910,70.852,1,0,0,0,0
ablation,BALANCED,NORMAL,no-night-clustering,11,3,adaptive,69960500-de29-4f30-8530-ba926a25479f,288,TECHNICALLY_VALID_UNVERIFIED_RULES,80.200,82.300,77.700,76.400,80,83.600,89.500,82.600,61,8.143,30,10.696,277.500,658,52,1,1,4,3.167,5,0,0,0,0,3,0.009,2.144,81,80,62,47.450,72.300,93.600,81.800,0.239,0.083,63.636,80,23.400,39.462,75.336,1,0,0,0,0
ablation,BALANCED,NORMAL,no-night-clustering,12,1,adaptive,823061bf-bdfe-4633-aaf1-630164538496,279.300,TECHNICALLY_VALID_UNVERIFIED_RULES,80.700,83.300,78.100,77.200,79.400,83.100,89.500,88.800,56.900,8.143,32,11.544,255.813,705,53,0,2,4,3.167,5,0,0,0,0,3,0.013,2.124,83,73.300,90,47.633,89.900,93.600,81.800,0.079,0.083,63.636,81.302,20.600,35.874,70.852,1,0,0,0,0
ablation,BALANCED,NORMAL,no-night-clustering,12,2,adaptive,2f544cfb-eff4-4747-983d-27ac5576d39e,279.300,TECHNICALLY_VALID_UNVERIFIED_RULES,80.500,83,77.300,77,79.400,81.300,89.500,88.800,57.800,8.143,31,11.243,261.406,705,54,0,2,4,3.167,5,0,0,0,0,3,0.013,2.124,79.900,73.300,84,47.633,89.900,93.600,81.800,0.079,0.083,59.375,81.302,19.500,38.117,70.852,1,0,0,0,0
ablation,BALANCED,NORMAL,no-night-clustering,12,3,adaptive,566bb3d9-cb90-4d73-946d-8a8b570ce507,279.300,TECHNICALLY_VALID_UNVERIFIED_RULES,78.400,80.600,76.100,76.500,78.600,82.700,78.900,88.800,58.100,8.143,28,10.106,272.031,705,51,1,3,3,2.714,5,0,0,0,0,4,0.018,2.104,80.100,78.600,76,47.717,89.900,93.600,81.800,0.079,0.083,63.636,76.875,16.400,39.013,70.852,1,0,0,0,0
ablation,BALANCED,NORMAL,no-night-clustering,13,1,adaptive,85473697-727a-4ec8-81c5-83d4e4edb25b,287.600,TECHNICALLY_VALID_UNVERIFIED_RULES,78.400,81,76.200,77.200,79.200,82.800,84.200,82.600,55.200,8.143,42,14.759,256.781,636,50,0,3,4,2.714,4,0,0,0,0,4,0.013,2.124,82.900,72.100,20,30.633,72.300,93.600,81.800,0.239,0.083,63.636,81.510,25.200,36.323,67.713,1,0,0,0,0
ablation,BALANCED,NORMAL,no-night-clustering,13,2,adaptive,e6094861-e953-4e0f-8e71-a284096249d0,287.600,TECHNICALLY_VALID_UNVERIFIED_RULES,79.800,81.700,75.800,76.900,78.400,80.400,84.200,90.700,62.400,8.143,36,13.485,261.250,698,54,1,2,4,2.714,5,0,0,0,0,5,0.018,2.104,81.200,66.400,79,32.100,95.100,93.600,81.800,0.039,0.083,53.500,76.771,16.900,40.359,77.130,1,0,0,0,0
ablation,BALANCED,NORMAL,no-night-clustering,13,3,adaptive,7d744c0c-1435-408f-81eb-8ec1efecd2fc,287.600,TECHNICALLY_VALID_UNVERIFIED_RULES,79.300,81.600,74.500,76.700,80.500,83.400,84.200,84.300,58.400,8.143,34,13.206,270.188,742,54,0,3,3,3.167,5,1,0,0,1,3,0.004,2.165,79.500,88.300,87,49.950,77.200,93.600,81.800,0.196,0.083,47.125,81.510,29.400,43.049,68.610,1,0,0,0,0
ablation,BALANCED,NORMAL,no-transitions,21,1,adaptive,f8333e25-9b34-4b2b-a3ff-80780eb0415e,268,TECHNICALLY_VALID_UNVERIFIED_RULES,82.600,85.100,78.500,76.600,78.600,79.800,100,90.700,59.500,8.286,31,11.634,269.719,619,51,0,0,4,4.750,5,1,0,0,0,6,0.013,2.124,83.600,63.700,70,24.533,95.100,93.600,81.800,0.039,0.083,55.260,82.865,14.700,39.013,73.094,1,0,0,0,0
ablation,BALANCED,NORMAL,no-transitions,21,2,adaptive,0d887aeb-af15-4fa9-9c50-6f5c0c033791,268,TECHNICALLY_VALID_UNVERIFIED_RULES,81.900,84.200,77.600,76.700,76.800,76.400,100,90.700,62,8.429,24,8.764,260.906,675,50,0,0,4,4.750,5,1,0,0,0,9,0.022,2.084,80.500,57.500,29,23.267,95.100,93.600,81.800,0.039,0.083,53.125,77.760,6.800,41.256,75.785,1,0,0,0,0
ablation,BALANCED,NORMAL,no-transitions,21,3,adaptive,5e0f211f-f57b-4c58-b356-25c94f155362,268,TECHNICALLY_VALID_UNVERIFIED_RULES,80.900,83.300,76.800,77,73.600,75.200,100,90.700,59.500,8.143,29,10.960,261.531,607,50,0,0,4,4.750,5,1,0,0,0,13,0.040,2.009,81.200,51.200,37,22.950,95.100,93.600,81.800,0.039,0.083,53.125,75,14.900,39.013,73.094,1,0,0,0,0
ablation,BALANCED,NORMAL,no-transitions,22,1,adaptive,6282404b-c9a9-493e-890a-4c023c6d6be8,261.900,TECHNICALLY_VALID_UNVERIFIED_RULES,82,84.400,79.500,77.100,76.300,89.700,94.700,86.200,60,8.143,34,11.569,255.875,646,53,0,1,5,3.167,4,0,0,0,0,7,0.031,2.046,84.800,95,29,59.150,82.400,93.600,81.800,0.142,0.083,65.104,79.115,23.900,37.668,74.888,1,0,0,0,0
ablation,BALANCED,NORMAL,no-transitions,22,2,adaptive,c6950964-b752-4061-a0b7-18400e7bff20,261.900,TECHNICALLY_VALID_UNVERIFIED_RULES,81.400,83.600,78.500,75.400,75.500,88,94.700,86.200,61.800,8.857,23,8.576,275,646,58,0,1,5,3.167,4,0,0,0,0,8,0.036,2.027,82.100,95,27,59.150,82.400,93.600,81.800,0.142,0.083,61.927,75.677,24.500,40.807,75.785,1,0,0,0,0
ablation,BALANCED,NORMAL,no-transitions,22,3,adaptive,2f8d5bf9-b7cd-46fe-a0b0-cb322b5ee0fd,261.900,TECHNICALLY_VALID_UNVERIFIED_RULES,80.800,83.200,76.600,76.800,77.300,74.500,100,86.200,58.400,8.286,26,9.647,264.688,696,52,0,0,5,3.800,5,1,0,0,0,9,0.018,2.104,81,49,63,22.950,82.400,93.600,81.800,0.142,0.083,53.125,75.573,16.600,40.359,70.404,1,0,0,0,0
ablation,BALANCED,NORMAL,no-transitions,23,1,adaptive,51daaae4-5afd-4ef3-9221-c7b758a9f709,267,TECHNICALLY_VALID_UNVERIFIED_RULES,82.300,85,79.500,77.200,80.500,80.100,100,86.200,58.600,8.286,30,10.990,259.313,682,51,0,0,5,3.800,5,0,0,0,0,3,0.004,2.165,83.100,61,62,27.750,82.400,93.600,81.800,0.142,0.083,63.636,80,27.800,38.117,72.197,1,0,0,0,0
ablation,BALANCED,NORMAL,no-transitions,23,2,adaptive,5f1fa504-9c00-445a-bb61-17999f870b92,267,TECHNICALLY_VALID_UNVERIFIED_RULES,81.700,84.200,79,76.400,79.700,78.600,100,85.100,58.900,8.286,28,10.753,277.625,737,56,0,0,5,3.800,5,0,0,0,0,4,0.009,2.144,80.600,61,60,27.750,82.400,90.500,81.800,0.142,0.167,63.636,79.063,23.700,39.013,72.197,1,0,0,0,0
ablation,BALANCED,NORMAL,no-transitions,23,3,adaptive,df0fe3b7-82c8-44a1-be2a-9b4491f56463,267,TECHNICALLY_VALID_UNVERIFIED_RULES,81.500,83.300,76.800,76.800,76.800,78.400,94.700,90.700,64.700,8.143,24,9.978,271.688,681,51,0,1,4,3.800,5,1,0,0,0,9,0.022,2.084,80.300,66,62,23.267,95.100,93.600,81.800,0.039,0.083,50,75.156,9,45.291,77.578,1,0,0,0,0
ablation,BALANCED,NORMAL,no-adaptive-repair,31,1,adaptive,b3b6a1e3-da37-487e-8825-ed469a83c766,191.400,TECHNICALLY_VALID_UNVERIFIED_RULES,82.500,84.800,79.600,76.400,80.500,80,100,86.200,61.500,8.429,24,10.140,276.063,647,49,0,0,5,3.800,5,0,0,0,0,3,0.004,2.165,80.800,66,72,31.950,82.400,93.600,81.800,0.142,0.083,63.636,82.031,27.100,43.498,73.543,1,0,0,0,0
ablation,BALANCED,NORMAL,no-adaptive-repair,31,2,adaptive,6e2d56da-1c72-412a-8ddc-b61107e0d11a,191.400,TECHNICALLY_VALID_UNVERIFIED_RULES,82.100,84.900,79.300,76.500,80.500,80.400,100,86.200,56.700,8.143,30,11.243,275.469,603,55,0,0,5,3.800,5,0,0,0,0,3,0.004,2.165,83.600,61,119,31.950,82.400,93.600,81.800,0.142,0.083,63.636,78.854,27.800,35.426,70.852,1,0,0,0,0
ablation,BALANCED,NORMAL,no-adaptive-repair,31,3,adaptive,bddeb648-d8d1-4100-9693-2c9b950f4d0c,191.400,TECHNICALLY_VALID_UNVERIFIED_RULES,80.400,82.800,77.400,77.100,81.100,85,89.500,81.900,58.200,8.143,40,13.548,262.938,698,51,0,2,4,3.167,5,0,0,0,0,1,0.004,2.165,80.800,85.800,98,49.633,73.300,90.500,81.800,0.208,0.167,60.417,81.750,26.700,35.874,73.094,1,0,0,0,0
ablation,BALANCED,NORMAL,no-adaptive-repair,32,1,adaptive,bbf68ebc-b3d7-45a6-8b7e-7837239dc46a,191.500,TECHNICALLY_VALID_UNVERIFIED_RULES,80.900,83.900,78.100,77.100,77.800,83.800,94.700,86.600,53.800,8.143,32,11.167,257.250,632,49,0,1,5,3.167,4,0,0,0,0,5,0.022,2.084,82.300,77.500,80,46.950,83.700,93.600,81.800,0.136,0.083,62.500,78.490,18.600,36.323,65.471,1,0,0,0,0
ablation,BALANCED,NORMAL,no-adaptive-repair,32,2,adaptive,febcc43e-d6c5-4830-84cc-730d401a1f1d,191.500,TECHNICALLY_VALID_UNVERIFIED_RULES,80.800,83.800,77.900,77.100,77.800,83.300,94.700,86.600,54,8.143,28,11.470,255.250,613,52,0,1,5,3.167,4,0,0,0,0,5,0.022,2.084,81.500,77.500,71,46.383,83.700,93.600,81.800,0.136,0.083,61.458,79.271,18.100,36.771,65.471,1,0,0,0,0
ablation,BALANCED,NORMAL,no-adaptive-repair,32,3,adaptive,c55d2079-0700-4de4-b550-dc6b661b8d5e,191.500,TECHNICALLY_VALID_UNVERIFIED_RULES,79.100,81,76.800,76.300,77.300,78.200,89.500,83.900,61.300,8.286,22,8.811,274.500,698,58,1,1,4,3.167,5,1,0,0,1,7,0.022,2.084,84,56.700,131,25.950,76,93.600,81.800,0.180,0.083,63.636,75,14.400,42.152,73.991,1,0,0,0,0
ablation,BALANCED,NORMAL,no-adaptive-repair,33,1,adaptive,ca642683-eb84-4a81-aa5f-2365961ad4a0,191.200,TECHNICALLY_VALID_UNVERIFIED_RULES,82.900,84.900,80,76.800,81.100,83.800,100,81.900,64.800,8.143,21,9.372,268.031,603,51,0,0,4,4.750,6,0,0,0,0,1,0.004,2.165,82.900,76.300,61,47.033,73.300,90.500,81.800,0.208,0.167,63.636,81.406,18.300,44.843,78.027,1,0,0,0,0
ablation,BALANCED,NORMAL,no-adaptive-repair,33,2,adaptive,a4d56935-6e7a-4998-bc8b-5058b8708438,191.200,TECHNICALLY_VALID_UNVERIFIED_RULES,82.700,84.800,79.800,77,81.100,83.200,100,81.900,63,8.143,38,12.911,264.688,601,49,0,0,4,4.750,6,0,0,0,0,1,0.004,2.165,81.800,76.300,89,46.450,73.300,90.500,81.800,0.208,0.167,63.636,81.042,17.300,43.049,76.233,1,0,0,0,0
ablation,BALANCED,NORMAL,no-adaptive-repair,33,3,adaptive,213ab4c5-f0b7-4153-a811-c0b81d1e0ca7,191.200,TECHNICALLY_VALID_UNVERIFIED_RULES,80.100,82.400,77,77.100,78.100,78.200,100,75.900,59.200,8.143,42,14.505,259.344,648,55,0,0,5,3.800,5,1,0,0,0,6,0.018,2.104,80.100,66,19,12.317,56.800,90.200,81.800,0.360,0.167,59.375,79.010,16.200,40.359,71.749,1,0,0,0,0
